response,predictor,r2_part,R2_model,p,estimate,effect_size,effect_size_st,lambda,formula
o_Plants,sowndiv,0.195,0.3367869904200542,9.4105081765834e-5,3.499582205234553,8.225292905601878,0.532235041908704,0,log(o_Plants) ~ block + sowndiv + leg.ef + gr.ef + sh.ef + th.ef
o_Plants,numfg,0.002,0.2638217671885507,0.6758909233516024,0.1291488430048844,-1.0189446574903371,-0.047806468555676974,0,log(o_Plants) ~ block + numfg + sowndiv
o_Plants,leg.ef,0.044,0.33678699042005433,0.07327006025705815,0.1110441514087766,-8.586591512558002,-0.17433504891395268,0,log(o_Plants) ~ block + leg.ef + sowndiv + gr.ef + sh.ef + th.ef
o_Plants,gr.ef,0.027,0.33678699042005417,0.1672209507600476,0.15126659396911799,6.909752121703008,0.140289889458305,0,log(o_Plants) ~ block + gr.ef + sowndiv + leg.ef + sh.ef + th.ef
o_Plants,sh.ef,0.002,0.3367869904200543,0.6990223195091296,0.03885309983752768,1.880988846643696,0.03825000349708873,0,log(o_Plants) ~ block + sh.ef + sowndiv + leg.ef + gr.ef + th.ef
o_Plants,th.ef,0.01,0.3367869904200542,0.3986248994622844,0.14715064123009852,-4.171773882372243,-0.08451370959041801,0,log(o_Plants) ~ block + th.ef + sowndiv + leg.ef + gr.ef + sh.ef
Plants_AG.Herbivores,sowndiv,0.099,0.3392462966584985,0.006747247381993124,-2.7388739353217355,0.007055842515128273,0.29084509914993334,0.20000000000000018,(Plants_AG.Herbivores ^ lambda -1)/lambda ~ block + sowndiv + leg.ef + gr.ef + sh.ef + th.ef
Plants_AG.Herbivores,numfg,0.002,0.14445355932600576,0.6923808083847718,0.2547790576209917,-0.0013192483493152986,-0.03942969388709269,0.20000000000000018,(Plants_AG.Herbivores ^ lambda -1)/lambda ~ block + numfg + sowndiv
Plants_AG.Herbivores,leg.ef,0.01,0.3392462966584985,0.3889466134497135,0.2094568253144114,0.005131268155099549,0.06636657340273623,0.20000000000000018,(Plants_AG.Herbivores ^ lambda -1)/lambda ~ block + leg.ef + sowndiv + gr.ef + sh.ef + th.ef
Plants_AG.Herbivores,gr.ef,0.178,0.3392462966584983,2.0507273367425746e-4,-0.08105899430331429,-0.025649916461732158,-0.3317497765030708,0.20000000000000018,(Plants_AG.Herbivores ^ lambda -1)/lambda ~ block + gr.ef + sowndiv + leg.ef + sh.ef + th.ef
Plants_AG.Herbivores,sh.ef,0.048,0.3392462966584984,0.06393147245475682,0.1892395764153717,0.011527830156699715,0.1493322493757952,0.20000000000000018,(Plants_AG.Herbivores ^ lambda -1)/lambda ~ block + sh.ef + sowndiv + leg.ef + gr.ef + th.ef
Plants_AG.Herbivores,th.ef,0,0.33924629665849854,0.8665591405734991,0.09964620776306789,0.0010450745954176874,0.013486972544405184,0.20000000000000018,(Plants_AG.Herbivores ^ lambda -1)/lambda ~ block + th.ef + sowndiv + leg.ef + gr.ef + sh.ef
AG.Herbivores_AG.Carnivores,sowndiv,0.07,0.15758390959793372,0.024073962167478428,-2.274257977371924,4.2546080373262636e-4,0.3185725742419271,0.40000000000000036,(AG.Herbivores_AG.Carnivores ^ lambda -1)/lambda ~ block + sowndiv + leg.ef + gr.ef + sh.ef + th.ef
AG.Herbivores_AG.Carnivores,numfg,0.031,0.13402234216194428,0.12763030722657398,0.015247786045585746,-3.473227567305529e-4,-0.18856715242414798,0.40000000000000036,(AG.Herbivores_AG.Carnivores ^ lambda -1)/lambda ~ block + numfg + sowndiv
AG.Herbivores_AG.Carnivores,leg.ef,0.004,0.15758390959793364,0.583488265389952,1.2026638429052604e-4,-2.558133814619143e-4,-0.06010130468223579,0.40000000000000036,(AG.Herbivores_AG.Carnivores ^ lambda -1)/lambda ~ block + leg.ef + sowndiv + gr.ef + sh.ef + th.ef
AG.Herbivores_AG.Carnivores,gr.ef,0.022,0.1575839095979337,0.2104808673896345,-0.04035162204362457,-6.254011740968002e-4,-0.1469329958355436,0.40000000000000036,(AG.Herbivores_AG.Carnivores ^ lambda -1)/lambda ~ block + gr.ef + sowndiv + leg.ef + sh.ef + th.ef
AG.Herbivores_AG.Carnivores,sh.ef,0,0.1575839095979337,0.897870458007933,0.002371965082683735,6.173216594383387e-5,0.014526249859047513,0.40000000000000036,(AG.Herbivores_AG.Carnivores ^ lambda -1)/lambda ~ block + sh.ef + sowndiv + leg.ef + gr.ef + th.ef
AG.Herbivores_AG.Carnivores,th.ef,0.027,0.15758390959793375,0.16313905213089805,0.015073814363696945,-6.876484741229066e-4,-0.16120170234194525,0.40000000000000036,(AG.Herbivores_AG.Carnivores ^ lambda -1)/lambda ~ block + th.ef + sowndiv + leg.ef + gr.ef + sh.ef
AG.Decomposers_AG.Carnivores,sowndiv,0.058,0.2836436176596124,0.03970290513711693,-2.3920373531279386,1.577634479164765e-4,0.2679841534894483,0.40000000000000036,(AG.Decomposers_AG.Carnivores ^ lambda -1)/lambda ~ block + sowndiv + leg.ef + gr.ef + sh.ef + th.ef
AG.Decomposers_AG.Carnivores,numfg,0.039,0.22899954127702105,0.088972132489563,0.0073563534025149445,1.7505230811943294e-4,0.21560287161122096,0.40000000000000036,(AG.Decomposers_AG.Carnivores ^ lambda -1)/lambda ~ block + numfg + sowndiv
AG.Decomposers_AG.Carnivores,leg.ef,0.064,0.2836436176596127,0.031150737696841915,-0.0173251597428034,4.135344035928637e-4,0.22040740609546,0.40000000000000036,(AG.Decomposers_AG.Carnivores ^ lambda -1)/lambda ~ block + leg.ef + sowndiv + gr.ef + sh.ef + th.ef
AG.Decomposers_AG.Carnivores,gr.ef,0.002,0.2836436176596124,0.7020556023093822,0.014733849977138043,7.725440856991858e-5,0.04117539835717908,0.40000000000000036,(AG.Decomposers_AG.Carnivores ^ lambda -1)/lambda ~ block + gr.ef + sowndiv + leg.ef + sh.ef + th.ef
AG.Decomposers_AG.Carnivores,sh.ef,0.025,0.2836436176596124,0.17949481574431078,0.017885416101597634,2.6530402195944723e-4,0.14162493546080243,0.40000000000000036,(AG.Decomposers_AG.Carnivores ^ lambda -1)/lambda ~ block + sh.ef + sowndiv + leg.ef + gr.ef + th.ef
AG.Decomposers_AG.Carnivores,th.ef,0.006,0.2836436176596124,0.5043199248014769,0.009816219260656048,-1.335647287595865e-4,-0.07103114619905737,0.40000000000000036,(AG.Decomposers_AG.Carnivores ^ lambda -1)/lambda ~ block + th.ef + sowndiv + leg.ef + gr.ef + sh.ef
Plants_AG.Omnivores,sowndiv,0.099,0.32794372182004244,0.006686797761974915,-3.490262055568712,0.002533790818814022,0.28347421168890125,0.20000000000000018,(Plants_AG.Omnivores ^ lambda -1)/lambda ~ block + sowndiv + leg.ef + gr.ef + sh.ef + th.ef
Plants_AG.Omnivores,numfg,0.005,0.1996113399395824,0.5592882186875155,-0.04607104332255267,6.389638077462708e-4,0.0518326045413804,0.20000000000000018,(Plants_AG.Omnivores ^ lambda -1)/lambda ~ block + numfg + sowndiv
Plants_AG.Omnivores,leg.ef,0.13,0.3279437218200426,0.001699649660579651,0.21265485237043744,0.006332560030258089,0.22229716606576497,0.20000000000000018,(Plants_AG.Omnivores ^ lambda -1)/lambda ~ block + leg.ef + sowndiv + gr.ef + sh.ef + th.ef
Plants_AG.Omnivores,gr.ef,0.007,0.3279437218200425,0.470264110148626,0.05003760722400946,-0.0015231321170858158,-0.05346778420640196,0.20000000000000018,(Plants_AG.Omnivores ^ lambda -1)/lambda ~ block + gr.ef + sowndiv + leg.ef + sh.ef + th.ef
Plants_AG.Omnivores,sh.ef,0.001,0.3279437218200425,0.7568591611743181,-0.03410033630428897,-6.322812066264357e-4,-0.02223034679843002,0.20000000000000018,(Plants_AG.Omnivores ^ lambda -1)/lambda ~ block + sh.ef + sowndiv + leg.ef + gr.ef + th.ef
Plants_AG.Omnivores,th.ef,0.018,0.32794372182004244,0.26404337221162055,0.10885478099457162,-0.0023412426478068883,-0.08200560483649692,0.20000000000000018,(Plants_AG.Omnivores ^ lambda -1)/lambda ~ block + th.ef + sowndiv + leg.ef + gr.ef + sh.ef
AG.Herbivores_AG.Omnivores,sowndiv,0.197,0.30136234640535997,8.472440400068686e-5,-4.3005949729232755,1.453825769772957e-4,0.3562366340911133,0.20000000000000018,(AG.Herbivores_AG.Omnivores ^ lambda -1)/lambda ~ block + sowndiv + leg.ef + gr.ef + sh.ef + th.ef
AG.Herbivores_AG.Omnivores,numfg,0.02,0.25061144789329654,0.22031408401686947,0.11380124288632715,-3.246426402191133e-5,-0.05767873838227731,0.10000000000000009,(AG.Herbivores_AG.Omnivores ^ lambda -1)/lambda ~ block + numfg + sowndiv
AG.Herbivores_AG.Omnivores,leg.ef,0.005,0.30136234640535986,0.5721678158480699,0.16853972228113798,3.38361873604153e-5,0.02601473760473835,0.20000000000000018,(AG.Herbivores_AG.Omnivores ^ lambda -1)/lambda ~ block + leg.ef + sowndiv + gr.ef + sh.ef + th.ef
AG.Herbivores_AG.Omnivores,gr.ef,0.003,0.3013623464053599,0.640226998189822,0.06119412722779586,-3.0029148014363644e-5,-0.023087719599325787,0.20000000000000018,(AG.Herbivores_AG.Omnivores ^ lambda -1)/lambda ~ block + gr.ef + sowndiv + leg.ef + sh.ef + th.ef
AG.Herbivores_AG.Omnivores,sh.ef,0.004,0.3013623464053601,0.5862392468938231,-0.034307034705835425,-3.407004934544017e-5,-0.026235669115742946,0.20000000000000018,(AG.Herbivores_AG.Omnivores ^ lambda -1)/lambda ~ block + sh.ef + sowndiv + leg.ef + gr.ef + th.ef
AG.Herbivores_AG.Omnivores,th.ef,0.048,0.3013623464053599,0.06217531960141287,0.09291598324585652,-1.228431460806473e-4,-0.09423917118312686,0.20000000000000018,(AG.Herbivores_AG.Omnivores ^ lambda -1)/lambda ~ block + th.ef + sowndiv + leg.ef + gr.ef + sh.ef
AG.Decomposers_AG.Omnivores,sowndiv,0.044,0.23852612193021833,0.07589836660771265,-6.306249317222677,3.9676821857285316e-5,0.0502545187543265,0.10000000000000009,(AG.Decomposers_AG.Omnivores ^ lambda -1)/lambda ~ block + sowndiv + leg.ef + gr.ef + sh.ef + th.ef
AG.Decomposers_AG.Omnivores,numfg,0.012,0.10129562460509338,0.3427318003397173,0.1372774150886977,-2.1430302934671803e-5,-0.01968115246747196,0.10000000000000009,(AG.Decomposers_AG.Omnivores ^ lambda -1)/lambda ~ block + numfg + sowndiv
AG.Decomposers_AG.Omnivores,leg.ef,0.045,0.2385261219302185,0.07121192070182987,0.5755924336236418,8.0441140525827e-5,0.0319689426930102,0.10000000000000009,(AG.Decomposers_AG.Omnivores ^ lambda -1)/lambda ~ block + leg.ef + sowndiv + gr.ef + sh.ef + th.ef
AG.Decomposers_AG.Omnivores,gr.ef,0.074,0.23852612193021838,0.020150081191318094,0.3283537383622581,-1.2103462240708419e-4,-0.048101616689035905,0.10000000000000009,(AG.Decomposers_AG.Omnivores ^ lambda -1)/lambda ~ block + gr.ef + sowndiv + leg.ef + sh.ef + th.ef
AG.Decomposers_AG.Omnivores,sh.ef,0.001,0.2385261219302183,0.8021758100689089,-0.04844635716576457,-1.1546510421911268e-5,-0.004596022637545402,0.10000000000000009,(AG.Decomposers_AG.Omnivores ^ lambda -1)/lambda ~ block + sh.ef + sowndiv + leg.ef + gr.ef + th.ef
AG.Decomposers_AG.Omnivores,th.ef,0.024,0.2385261219302183,0.19193154427840695,0.12322577414031934,-6.337449971286167e-5,-0.02513084527553422,0.10000000000000009,(AG.Decomposers_AG.Omnivores ^ lambda -1)/lambda ~ block + th.ef + sowndiv + leg.ef + gr.ef + sh.ef
AG.Litter_AG.Omnivores,sowndiv,0.047,0.09413901750023332,0.0667848027629798,-2.283910150865446,0.007559733169653764,0.22912875737739713,0.30000000000000027,(AG.Litter_AG.Omnivores ^ lambda -1)/lambda ~ block + sowndiv + leg.ef + gr.ef + sh.ef + th.ef
AG.Litter_AG.Omnivores,numfg,0.001,0.08500614992807606,0.7848268979196642,0.08796400512577585,-0.0013477259053133901,-0.029618201537371314,0.30000000000000027,(AG.Litter_AG.Omnivores ^ lambda -1)/lambda ~ block + numfg + sowndiv
AG.Litter_AG.Omnivores,leg.ef,0.003,0.09413901750023336,0.6407384963024385,0.18422349420725825,0.0046521029642739645,0.04424195034710636,0.30000000000000027,(AG.Litter_AG.Omnivores ^ lambda -1)/lambda ~ block + leg.ef + sowndiv + gr.ef + sh.ef + th.ef
AG.Litter_AG.Omnivores,gr.ef,0.004,0.09413901750023332,0.5921410345930177,0.08930723933791547,-0.005711211569443611,-0.054314175893692335,0.30000000000000027,(AG.Litter_AG.Omnivores ^ lambda -1)/lambda ~ block + gr.ef + sowndiv + leg.ef + sh.ef + th.ef
AG.Litter_AG.Omnivores,sh.ef,0.001,0.0941390175002333,0.774702960832939,-0.02901785751287473,-0.002964865232063192,-0.02824042684510604,0.30000000000000027,(AG.Litter_AG.Omnivores ^ lambda -1)/lambda ~ block + sh.ef + sowndiv + leg.ef + gr.ef + th.ef
AG.Litter_AG.Omnivores,th.ef,0,0.09413901750023337,0.8577053814531148,0.06676438150660984,-0.0018729445450209117,-0.017772657158465682,0.30000000000000027,(AG.Litter_AG.Omnivores ^ lambda -1)/lambda ~ block + th.ef + sowndiv + leg.ef + gr.ef + sh.ef
AG.Litter_AG.Decomposers,sowndiv,0.033,0.4329418514068683,0.1226711507151042,-2.114402955672144,0.008945434034709572,0.17153765325528098,0.30000000000000027,(AG.Litter_AG.Decomposers ^ lambda -1)/lambda ~ block + sowndiv + leg.ef + gr.ef + sh.ef + th.ef
AG.Litter_AG.Decomposers,numfg,0.03,0.38774312257089644,0.1359532428383047,0.35482047265563904,0.01183083590282733,0.16449679933503408,0.30000000000000027,(AG.Litter_AG.Decomposers ^ lambda -1)/lambda ~ block + numfg + sowndiv
AG.Litter_AG.Decomposers,leg.ef,0.032,0.4329418514068683,0.13116672433803808,-0.19798546514215398,0.022260940601949553,0.13394094858883002,0.30000000000000027,(AG.Litter_AG.Decomposers ^ lambda -1)/lambda ~ block + leg.ef + sowndiv + gr.ef + sh.ef + th.ef
AG.Litter_AG.Decomposers,gr.ef,0.017,0.4329418514068683,0.26605843837813725,0.26671096853808274,-0.017569585909777405,-0.10571372724755543,0.30000000000000027,(AG.Litter_AG.Decomposers ^ lambda -1)/lambda ~ block + gr.ef + sowndiv + leg.ef + sh.ef + th.ef
AG.Litter_AG.Decomposers,sh.ef,0.04,0.4329418514068683,0.09000606130090845,0.15389754576810016,0.025982806166852654,0.15658035258524777,0.30000000000000027,(AG.Litter_AG.Decomposers ^ lambda -1)/lambda ~ block + sh.ef + sowndiv + leg.ef + gr.ef + th.ef
AG.Litter_AG.Decomposers,th.ef,0.009,0.4329418514068684,0.42498520678078455,0.049670395670505914,0.012223131616144675,0.07338289593847575,0.30000000000000027,(AG.Litter_AG.Decomposers ^ lambda -1)/lambda ~ block + th.ef + sowndiv + leg.ef + gr.ef + sh.ef
BG.Herbivores_BG.Carnivores,sowndiv,0.035,0.1104967222954112,0.11342866855794861,-2.4007946700849128,0.020935015544549837,0.08089372149553894,0.10000000000000009,(BG.Herbivores_BG.Carnivores ^ lambda -1)/lambda ~ block + sowndiv + leg.ef + gr.ef + sh.ef + th.ef
BG.Herbivores_BG.Carnivores,numfg,0.055,0.08999877117396854,0.04201111719562787,0.3227492759331649,-0.028288367418801325,-0.07925622567726155,0.20000000000000018,(BG.Herbivores_BG.Carnivores ^ lambda -1)/lambda ~ block + numfg + sowndiv
BG.Herbivores_BG.Carnivores,leg.ef,0.003,0.11049672229541113,0.6373431265887226,-0.08793906258682459,0.011383010690120855,0.01380099772054338,0.10000000000000009,(BG.Herbivores_BG.Carnivores ^ lambda -1)/lambda ~ block + leg.ef + sowndiv + gr.ef + sh.ef + th.ef
BG.Herbivores_BG.Carnivores,gr.ef,0.025,0.11049672229541127,0.1841937513632989,-0.4381896541057117,-0.03640929740987034,-0.04414338563314409,0.10000000000000009,(BG.Herbivores_BG.Carnivores ^ lambda -1)/lambda ~ block + gr.ef + sowndiv + leg.ef + sh.ef + th.ef
BG.Herbivores_BG.Carnivores,sh.ef,0.024,0.11049672229541123,0.19366166121617834,-0.621150614724553,-0.03428509341057036,-0.04163322285125953,0.10000000000000009,(BG.Herbivores_BG.Carnivores ^ lambda -1)/lambda ~ block + sh.ef + sowndiv + leg.ef + gr.ef + th.ef
BG.Herbivores_BG.Carnivores,th.ef,0.028,0.11049672229541119,0.15381709232205673,0.2693924317484735,-0.0390668593055094,-0.04726115572989852,0.10000000000000009,(BG.Herbivores_BG.Carnivores ^ lambda -1)/lambda ~ block + th.ef + sowndiv + leg.ef + gr.ef + sh.ef
BG.Decomposers_BG.Carnivores,sowndiv,0.009,0.17063431390549227,0.42004368310944373,1.1480253053196268,-0.2152445630943159,-0.06161231290570543,0.20000000000000018,(BG.Decomposers_BG.Carnivores ^ lambda -1)/lambda ~ block + sowndiv + leg.ef + gr.ef + sh.ef + th.ef
BG.Decomposers_BG.Carnivores,numfg,0.036,0.11557461650405822,0.10162539029157797,-1.1976228085808727,0.7013296636192005,0.14555981838592963,0.20000000000000018,(BG.Decomposers_BG.Carnivores ^ lambda -1)/lambda ~ block + numfg + sowndiv
BG.Decomposers_BG.Carnivores,leg.ef,0.075,0.17063431390549225,0.018818921398452298,-0.4477486443190576,1.8065539991585715,0.1622549975283139,0.20000000000000018,(BG.Decomposers_BG.Carnivores ^ lambda -1)/lambda ~ block + leg.ef + sowndiv + gr.ef + sh.ef + th.ef
BG.Decomposers_BG.Carnivores,gr.ef,0.029,0.17063431390549227,0.15327034293139113,-0.6269978780366939,1.1530194701436536,0.10355802891327522,0.20000000000000018,(BG.Decomposers_BG.Carnivores ^ lambda -1)/lambda ~ block + gr.ef + sowndiv + leg.ef + sh.ef + th.ef
BG.Decomposers_BG.Carnivores,sh.ef,0.001,0.17063431390549227,0.8480933976846243,0.07468796384036004,0.15102566137054518,0.013585612859944475,0.20000000000000018,(BG.Decomposers_BG.Carnivores ^ lambda -1)/lambda ~ block + sh.ef + sowndiv + leg.ef + gr.ef + th.ef
BG.Decomposers_BG.Carnivores,th.ef,0.01,0.17063431390549227,0.3893626281526058,-0.11188424620258144,-0.6957983415299651,-0.06235524970744494,0.20000000000000018,(BG.Decomposers_BG.Carnivores ^ lambda -1)/lambda ~ block + th.ef + sowndiv + leg.ef + gr.ef + sh.ef
Plants_BG.Herbivores,sowndiv,0.024,0.07232113970533328,0.19302141217940477,-1.2963796114833674,0.04054876858586589,0.06178509610475694,0,log(Plants_BG.Herbivores) ~ block + sowndiv + leg.ef + gr.ef + sh.ef + th.ef
Plants_BG.Herbivores,numfg,0.033,0.06131917209878959,0.117553690758019,0.11263004844208668,-0.05028017562764923,-0.055550352284172586,0,log(Plants_BG.Herbivores) ~ block + numfg + sowndiv
Plants_BG.Herbivores,leg.ef,0.005,0.07232113970533328,0.5480529247823054,-0.18617033084508966,-0.041855127474801385,-0.02001089616142177,0,log(Plants_BG.Herbivores) ~ block + leg.ef + sowndiv + gr.ef + sh.ef + th.ef
Plants_BG.Herbivores,gr.ef,0.02,0.07232113970533333,0.22749135533112969,-0.6129247966614682,-0.09135798268958437,-0.043678163594624564,0,log(Plants_BG.Herbivores) ~ block + gr.ef + sowndiv + leg.ef + sh.ef + th.ef
Plants_BG.Herbivores,sh.ef,0.001,0.07232113970533333,0.8388999961556058,-0.0853743399905,-0.014510746490443566,-0.006948466658523002,0,log(Plants_BG.Herbivores) ~ block + sh.ef + sowndiv + leg.ef + gr.ef + th.ef
Plants_BG.Herbivores,th.ef,0.016,0.07232113970533328,0.2805654693384414,0.19524664584060372,-0.08028408895216804,-0.0382992131587808,0,log(Plants_BG.Herbivores) ~ block + th.ef + sowndiv + leg.ef + gr.ef + sh.ef
SOM_BG.Decomposers,sowndiv,0.014,0.09593525097647064,0.32530882255103466,3.898253536237776,1.7783080190552856,0.09326798214817839,0.10000000000000009,(SOM_BG.Decomposers ^ lambda -1)/lambda ~ block + sowndiv + leg.ef + gr.ef + sh.ef + th.ef
SOM_BG.Decomposers,numfg,0.007,0.06505555468311021,0.47266822144609966,-0.30373846056274234,-1.6213956579834108,-0.06165929778194255,0.10000000000000009,(SOM_BG.Decomposers ^ lambda -1)/lambda ~ block + numfg + sowndiv
SOM_BG.Decomposers,leg.ef,0.001,0.0959352509764707,0.8192870206690116,-0.5834724689124235,-1.0513309350947324,-0.017301224846534107,0.10000000000000009,(SOM_BG.Decomposers ^ lambda -1)/lambda ~ block + leg.ef + sowndiv + gr.ef + sh.ef + th.ef
SOM_BG.Decomposers,gr.ef,0.004,0.09593525097647068,0.5901508504238466,-0.7667453731597097,2.617754035365987,0.04307906259289133,0.10000000000000009,(SOM_BG.Decomposers ^ lambda -1)/lambda ~ block + gr.ef + sowndiv + leg.ef + sh.ef + th.ef
SOM_BG.Decomposers,sh.ef,0.001,0.09593525097647065,0.8292761780019203,-0.07056473368881108,-1.0263105179191498,-0.016915994686253575,0.10000000000000009,(SOM_BG.Decomposers ^ lambda -1)/lambda ~ block + sh.ef + sowndiv + leg.ef + gr.ef + th.ef
SOM_BG.Decomposers,th.ef,0.034,0.09593525097647072,0.11587847477422707,0.11467193754001417,-7.77057711701384,-0.12759486017238195,0.10000000000000009,(SOM_BG.Decomposers ^ lambda -1)/lambda ~ block + th.ef + sowndiv + leg.ef + gr.ef + sh.ef
Plants_BG.Omnivores,sowndiv,0.017,0.11061573847045506,0.27365812703463405,-2.9511030181577693,-0.013654728270860558,-0.006807547200097151,0.10000000000000009,(Plants_BG.Omnivores ^ lambda -1)/lambda ~ block + sowndiv + leg.ef + gr.ef + sh.ef + th.ef
Plants_BG.Omnivores,numfg,0.051,0.10023544231181483,0.04901490208176522,-0.21841767931049552,0.04860280651513213,0.0175692378231709,0.10000000000000009,(Plants_BG.Omnivores ^ lambda -1)/lambda ~ block + numfg + sowndiv
Plants_BG.Omnivores,leg.ef,0.032,0.11061573847045508,0.1305354313968029,0.5583274375437935,0.05677353215075741,0.008881070678508731,0.10000000000000009,(Plants_BG.Omnivores ^ lambda -1)/lambda ~ block + leg.ef + sowndiv + gr.ef + sh.ef + th.ef
Plants_BG.Omnivores,gr.ef,0.032,0.11061573847045514,0.1311617685306967,-0.41379128710405844,0.06023277997025468,0.00942220002550538,0.10000000000000009,(Plants_BG.Omnivores ^ lambda -1)/lambda ~ block + gr.ef + sowndiv + leg.ef + sh.ef + th.ef
Plants_BG.Omnivores,sh.ef,0.002,0.11061573847045511,0.7326956026938247,0.15762008885213752,0.013209142198379056,0.00206954741497312,0.10000000000000009,(Plants_BG.Omnivores ^ lambda -1)/lambda ~ block + sh.ef + sowndiv + leg.ef + gr.ef + th.ef
Plants_BG.Omnivores,th.ef,0.003,0.11061573847045511,0.6534975378811738,-0.18007713386864296,0.017393902995174577,0.0027149319864353933,0.10000000000000009,(Plants_BG.Omnivores ^ lambda -1)/lambda ~ block + th.ef + sowndiv + leg.ef + gr.ef + sh.ef
BG.Herbivores_BG.Omnivores,sowndiv,0.001,0.036658422964792506,0.7869932594137342,-5.9752488691659975,3.2745614191297383e-4,0.008118002515965965,0,log(BG.Herbivores_BG.Omnivores) ~ block + sowndiv + leg.ef + gr.ef + sh.ef + th.ef
BG.Herbivores_BG.Omnivores,numfg,0.01,0.02935187194826771,0.3960965628834433,0.4341282708833097,0.0014782212056000746,0.026571706313051547,0,log(BG.Herbivores_BG.Omnivores) ~ block + numfg + sowndiv
BG.Herbivores_BG.Omnivores,leg.ef,0.001,0.03665842296479247,0.8004623442692632,0.047350343452781996,7.910116019541136e-4,0.006153053723448903,0,log(BG.Herbivores_BG.Omnivores) ~ block + leg.ef + sowndiv + gr.ef + sh.ef + th.ef
BG.Herbivores_BG.Omnivores,gr.ef,0.003,0.0366584229647925,0.6702511916655771,0.20123214901744066,0.0014118015446140967,0.010982001691755975,0,log(BG.Herbivores_BG.Omnivores) ~ block + gr.ef + sowndiv + leg.ef + sh.ef + th.ef
BG.Herbivores_BG.Omnivores,sh.ef,0.011,0.036658422964792485,0.3751575357001514,0.5252954000633208,0.0028882792224957862,0.022502376317269902,0,log(BG.Herbivores_BG.Omnivores) ~ block + sh.ef + sowndiv + leg.ef + gr.ef + th.ef
BG.Herbivores_BG.Omnivores,th.ef,0,0.036658422964792464,0.9850153451732727,0.05668972703178031,6.157340378872608e-5,4.779071350597307e-4,0,log(BG.Herbivores_BG.Omnivores) ~ block + th.ef + sowndiv + leg.ef + gr.ef + sh.ef
BG.Decomposers_BG.Omnivores,sowndiv,0.002,0.08169829226758302,0.7423558521956479,-2.095585842087263,0.00896744974402512,0.006561188616031206,0.10000000000000009,(BG.Decomposers_BG.Omnivores ^ lambda -1)/lambda ~ block + sowndiv + leg.ef + gr.ef + sh.ef + th.ef
BG.Decomposers_BG.Omnivores,numfg,0.003,0.018712739023659542,0.6318399227159377,0.010357869953750064,0.018142928525407397,0.009625093025258543,0.10000000000000009,(BG.Decomposers_BG.Omnivores ^ lambda -1)/lambda ~ block + numfg + sowndiv
BG.Decomposers_BG.Omnivores,leg.ef,0.019,0.08169829226758309,0.25045580886448293,-0.24401907393518843,-0.0843015436614689,-0.019353562131457235,0.10000000000000009,(BG.Decomposers_BG.Omnivores ^ lambda -1)/lambda ~ block + leg.ef + sowndiv + gr.ef + sh.ef + th.ef
BG.Decomposers_BG.Omnivores,gr.ef,0.029,0.08169829226758309,0.15218595243854563,-0.218350655236578,0.10743967888578065,0.024665509199331057,0.10000000000000009,(BG.Decomposers_BG.Omnivores ^ lambda -1)/lambda ~ block + gr.ef + sowndiv + leg.ef + sh.ef + th.ef
BG.Decomposers_BG.Omnivores,sh.ef,0.006,0.08169829226758302,0.5068265886627082,0.29945024040356083,0.048451140160264555,0.011140655349456003,0.10000000000000009,(BG.Decomposers_BG.Omnivores ^ lambda -1)/lambda ~ block + sh.ef + sowndiv + leg.ef + gr.ef + th.ef
BG.Decomposers_BG.Omnivores,th.ef,0,0.08169829226758304,0.9932190814991415,0.05259795987152533,-6.273050913701561e-4,-1.4369666705762494e-4,0.10000000000000009,(BG.Decomposers_BG.Omnivores ^ lambda -1)/lambda ~ block + th.ef + sowndiv + leg.ef + gr.ef + sh.ef
SOM_BG.Omnivores,sowndiv,0.001,0.22701238468404797,0.7767849901802766,-1.619536266319148,-0.011323951419091113,-0.004265111401428696,0,log(SOM_BG.Omnivores) ~ block + sowndiv + leg.ef + gr.ef + sh.ef + th.ef
SOM_BG.Omnivores,numfg,0.086,0.1962290567467053,0.010323147371148369,-0.09151761288597103,0.1940564907660569,0.05299617551931871,0,log(SOM_BG.Omnivores) ~ block + numfg + sowndiv
SOM_BG.Omnivores,leg.ef,0.028,0.22701238468404797,0.15567075228872648,-1.069386227585481,0.15849321552932472,0.018730737206439054,0,log(SOM_BG.Omnivores) ~ block + leg.ef + sowndiv + gr.ef + sh.ef + th.ef
SOM_BG.Omnivores,gr.ef,0.052,0.22701238468404802,0.0530422513782723,-1.1136146334760122,0.23170332008111608,0.027382711517363517,0,log(SOM_BG.Omnivores) ~ block + gr.ef + sowndiv + leg.ef + sh.ef + th.ef
SOM_BG.Omnivores,sh.ef,0.039,0.22701238468404797,0.09506476772952012,0.6689237688101094,0.19531827771723084,0.023118967474821558,0,log(SOM_BG.Omnivores) ~ block + sh.ef + sowndiv + leg.ef + gr.ef + th.ef
SOM_BG.Omnivores,th.ef,0,0.2270123846840479,0.9508227593793601,-0.03995615122703991,-0.007200595268635757,-8.490926739722132e-4,0,log(SOM_BG.Omnivores) ~ block + th.ef + sowndiv + leg.ef + gr.ef + sh.ef
Soil.Microorganisms_BG.Omnivores,sowndiv,0.003,0.18348632089439298,0.6636979223164041,-2.4276282448814697,0.0017813497862353507,0.05090558192597133,0.30000000000000027,(Soil.Microorganisms_BG.Omnivores ^ lambda -1)/lambda ~ block + sowndiv + leg.ef + gr.ef + sh.ef + th.ef
Soil.Microorganisms_BG.Omnivores,numfg,0.013,0.15200843987891907,0.3247763382016018,-0.11195074196657567,0.005632425552064598,0.11670665863183266,0.30000000000000027,(Soil.Microorganisms_BG.Omnivores ^ lambda -1)/lambda ~ block + numfg + sowndiv
Soil.Microorganisms_BG.Omnivores,leg.ef,0.004,0.18348632089439304,0.6139542963852707,0.2620036802693658,-0.005486829523146837,-0.04919823015895524,0.30000000000000027,(Soil.Microorganisms_BG.Omnivores ^ lambda -1)/lambda ~ block + leg.ef + sowndiv + gr.ef + sh.ef + th.ef
Soil.Microorganisms_BG.Omnivores,gr.ef,0.027,0.18348632089439312,0.1658167769907921,0.27103012619748895,0.015855263706953806,0.1421678785161643,0.30000000000000027,(Soil.Microorganisms_BG.Omnivores ^ lambda -1)/lambda ~ block + gr.ef + sowndiv + leg.ef + sh.ef + th.ef
Soil.Microorganisms_BG.Omnivores,sh.ef,0.009,0.18348632089439307,0.4122085169852989,0.10219967154599525,0.009163462264536168,0.08229414974846432,0.30000000000000027,(Soil.Microorganisms_BG.Omnivores ^ lambda -1)/lambda ~ block + sh.ef + sowndiv + leg.ef + gr.ef + th.ef
Soil.Microorganisms_BG.Omnivores,th.ef,0.001,0.18348632089439315,0.8380110657060753,0.019209934745212064,0.00230212677297513,0.02059679978953247,0.30000000000000027,(Soil.Microorganisms_BG.Omnivores ^ lambda -1)/lambda ~ block + th.ef + sowndiv + leg.ef + gr.ef + sh.ef
Plants_SOM,sowndiv,0.031,0.19340707666103515,0.1393096093041737,2.191339063027512,1.1022150939017628,0.18285244248073373,0.30000000000000027,(Plants_SOM ^ lambda -1)/lambda ~ block + sowndiv + leg.ef + gr.ef + sh.ef + th.ef
Plants_SOM,numfg,0,0.09574357067714934,0.9181817995424018,-0.10697228482277672,0.09853464190907335,0.01185242809224222,0.30000000000000027,(Plants_SOM ^ lambda -1)/lambda ~ block + numfg + sowndiv
Plants_SOM,leg.ef,0.003,0.1934070766610352,0.6584876015919781,-0.7125163477884912,-0.8105855439155398,-0.04219345400688697,0.30000000000000027,(Plants_SOM ^ lambda -1)/lambda ~ block + leg.ef + sowndiv + gr.ef + sh.ef + th.ef
Plants_SOM,gr.ef,0.053,0.19340707666103518,0.050385603341552676,-1.0968801229563823,3.797995434064754,0.1976972657216244,0.30000000000000027,(Plants_SOM ^ lambda -1)/lambda ~ block + gr.ef + sowndiv + leg.ef + sh.ef + th.ef
Plants_SOM,sh.ef,0.002,0.1934070766610352,0.7284393868643757,0.1877801132520424,0.6551872687284117,0.03415804670523765,0.30000000000000027,(Plants_SOM ^ lambda -1)/lambda ~ block + sh.ef + sowndiv + leg.ef + gr.ef + th.ef
Plants_SOM,th.ef,0.044,0.1934070766610353,0.0748125997210426,0.28600457994823053,-3.5157962229145436,-0.18260489636910462,0.30000000000000027,(Plants_SOM ^ lambda -1)/lambda ~ block + th.ef + sowndiv + leg.ef + gr.ef + sh.ef
BG.Carnivores_SOM,sowndiv,0.002,0.2658483317071939,0.7316163710895844,0.4805108745446303,0.0342651175923016,0.031042428148067746,0.10000000000000009,(BG.Carnivores_SOM ^ lambda -1)/lambda ~ block + sowndiv + leg.ef + gr.ef + sh.ef + th.ef
BG.Carnivores_SOM,numfg,0.01,0.11494639455047913,0.38932060474306973,-0.6882271077723698,0.12921336137301798,0.0848779451713271,0.10000000000000009,(BG.Carnivores_SOM ^ lambda -1)/lambda ~ block + numfg + sowndiv
BG.Carnivores_SOM,leg.ef,0.154,0.26584833170719385,6.002439335267796e-4,-0.6158664701924357,0.9464448714520084,0.2690361211417913,0.10000000000000009,(BG.Carnivores_SOM ^ lambda -1)/lambda ~ block + leg.ef + sowndiv + gr.ef + sh.ef + th.ef
BG.Carnivores_SOM,gr.ef,0.029,0.2658483317071938,0.15239714566286833,-0.7070768580785711,0.4047825963658669,0.1150633733847627,0.10000000000000009,(BG.Carnivores_SOM ^ lambda -1)/lambda ~ block + gr.ef + sowndiv + leg.ef + sh.ef + th.ef
BG.Carnivores_SOM,sh.ef,0.031,0.2658483317071939,0.13771080331947366,-0.33713309386168533,-0.4172221814361974,-0.11878565964095125,0.10000000000000009,(BG.Carnivores_SOM ^ lambda -1)/lambda ~ block + sh.ef + sowndiv + leg.ef + gr.ef + th.ef
BG.Carnivores_SOM,th.ef,0.044,0.265848331707194,0.07330249216119725,0.027456482910273073,-0.5156906226582421,-0.14626721883456462,0.10000000000000009,(BG.Carnivores_SOM ^ lambda -1)/lambda ~ block + th.ef + sowndiv + leg.ef + gr.ef + sh.ef
BG.Herbivores_SOM,sowndiv,0.004,0.0711498898657601,0.5878594506188553,-5.401239165834995,0.0015575917107538834,0.0034709137903816997,-0.19999999999999996,(BG.Herbivores_SOM ^ lambda -1)/lambda ~ block + sowndiv + leg.ef + gr.ef + sh.ef + th.ef
BG.Herbivores_SOM,numfg,0.001,0.027247222433373804,0.8211627421192157,0.011477265007725791,-8.187310000306915e-4,-0.0013228646429684836,-0.19999999999999996,(BG.Herbivores_SOM ^ lambda -1)/lambda ~ block + numfg + sowndiv
BG.Herbivores_SOM,leg.ef,0.018,0.07114988986576014,0.2580703721881862,-0.9566142404328389,-0.008478173224517587,-0.005927946808194102,-0.19999999999999996,(BG.Herbivores_SOM ^ lambda -1)/lambda ~ block + leg.ef + sowndiv + gr.ef + sh.ef + th.ef
BG.Herbivores_SOM,gr.ef,0,0.07114988986576008,0.9767285722084242,-0.9259982143783392,-2.247654357620775e-4,-1.571562071490911e-4,-0.19999999999999996,(BG.Herbivores_SOM ^ lambda -1)/lambda ~ block + gr.ef + sowndiv + leg.ef + sh.ef + th.ef
BG.Herbivores_SOM,sh.ef,0.02,0.0711498898657601,0.23573701482214884,0.9117995977486931,0.008946008068885535,0.006264878481914497,-0.19999999999999996,(BG.Herbivores_SOM ^ lambda -1)/lambda ~ block + sh.ef + sowndiv + leg.ef + gr.ef + th.ef
BG.Herbivores_SOM,th.ef,0.004,0.07114988986576015,0.582127201926938,0.1473999083653291,-0.004232038244301958,-0.002952528475210881,-0.19999999999999996,(BG.Herbivores_SOM ^ lambda -1)/lambda ~ block + th.ef + sowndiv + leg.ef + gr.ef + sh.ef
BG.Decomposers_SOM,sowndiv,0.009,0.10166119908925572,0.41758196338778364,2.80160119705539,0.6646189426121494,0.05234216563090835,0.10000000000000009,(BG.Decomposers_SOM ^ lambda -1)/lambda ~ block + sowndiv + leg.ef + gr.ef + sh.ef + th.ef
BG.Decomposers_SOM,numfg,0.021,0.09053715744950498,0.21089468616142062,-0.2012940427544924,-1.230912600679538,-0.0702894531384448,0.10000000000000009,(BG.Decomposers_SOM ^ lambda -1)/lambda ~ block + numfg + sowndiv
BG.Decomposers_SOM,leg.ef,0.016,0.10166119908925575,0.2822047820081576,-0.6330731843846916,-2.2675005334585636,-0.056032265571565786,0.10000000000000009,(BG.Decomposers_SOM ^ lambda -1)/lambda ~ block + leg.ef + sowndiv + gr.ef + sh.ef + th.ef
BG.Decomposers_SOM,gr.ef,0,0.10166119908925571,0.9662992872105943,-1.0440048162229878,-0.09282581982409432,-0.0022938212853906774,0.10000000000000009,(BG.Decomposers_SOM ^ lambda -1)/lambda ~ block + gr.ef + sowndiv + leg.ef + sh.ef + th.ef
BG.Decomposers_SOM,sh.ef,0.002,0.10166119908925572,0.6954831937303618,-0.1542618879240804,-0.8413693849024275,-0.02082374532857052,0.10000000000000009,(BG.Decomposers_SOM ^ lambda -1)/lambda ~ block + sh.ef + sowndiv + leg.ef + gr.ef + th.ef
BG.Decomposers_SOM,th.ef,0.012,0.10166119908925572,0.3518979288822264,0.11364330646674496,-2.0498134640862586,-0.05054144159334775,0.10000000000000009,(BG.Decomposers_SOM ^ lambda -1)/lambda ~ block + th.ef + sowndiv + leg.ef + gr.ef + sh.ef
BG.Omnivores_SOM,sowndiv,0.008,0.26383014658572185,0.4480625124640545,-1.211211496291714,0.022382223812826618,0.011929903551334326,-0.19999999999999996,(BG.Omnivores_SOM ^ lambda -1)/lambda ~ block + sowndiv + leg.ef + gr.ef + sh.ef + th.ef
BG.Omnivores_SOM,numfg,0.016,0.09743291163898946,0.2796196091866496,-0.08934021975016278,0.047537008862337804,0.01837170759434658,-0.19999999999999996,(BG.Omnivores_SOM ^ lambda -1)/lambda ~ block + numfg + sowndiv
BG.Omnivores_SOM,leg.ef,0.001,0.26383014658572174,0.8049385458445395,-0.5659582622417437,-0.018739122724118096,-0.003133969506588548,-0.19999999999999996,(BG.Omnivores_SOM ^ lambda -1)/lambda ~ block + leg.ef + sowndiv + gr.ef + sh.ef + th.ef
BG.Omnivores_SOM,gr.ef,0.154,0.2638301465857219,6.043906512647821e-4,-0.4431972022260177,0.2887414011244921,0.048289707033571785,-0.19999999999999996,(BG.Omnivores_SOM ^ lambda -1)/lambda ~ block + gr.ef + sowndiv + leg.ef + sh.ef + th.ef
BG.Omnivores_SOM,sh.ef,0.003,0.26383014658572185,0.6481407229332323,0.11077552468271692,0.03569644764870511,0.005979320928146897,-0.19999999999999996,(BG.Omnivores_SOM ^ lambda -1)/lambda ~ block + sh.ef + sowndiv + leg.ef + gr.ef + th.ef
BG.Omnivores_SOM,th.ef,0.035,0.2638301465857218,0.1147498384526963,0.06547779667260463,-0.12908326285338223,-0.02154060735539099,-0.19999999999999996,(BG.Omnivores_SOM ^ lambda -1)/lambda ~ block + th.ef + sowndiv + leg.ef + gr.ef + sh.ef
AG.Litter_SOM,sowndiv,0.003,0.10820122792231045,0.6727614839679843,2.5201177044678458,0.15001044290182164,0.05789362510943112,0.40000000000000036,(AG.Litter_SOM ^ lambda -1)/lambda ~ block + sowndiv + leg.ef + gr.ef + sh.ef + th.ef
AG.Litter_SOM,numfg,0.009,0.04201013670463772,0.41851168915868675,-0.18649071061098696,-0.38730264300831835,-0.10837863742218688,0.40000000000000036,(AG.Litter_SOM ^ lambda -1)/lambda ~ block + numfg + sowndiv
AG.Litter_SOM,leg.ef,0.029,0.10820122792231036,0.147621054751851,-0.6495396568102887,1.3750956288378808,0.1665152314644117,0.40000000000000036,(AG.Litter_SOM ^ lambda -1)/lambda ~ block + leg.ef + sowndiv + gr.ef + sh.ef + th.ef
AG.Litter_SOM,gr.ef,0.014,0.10820122792231049,0.3112595057877688,-0.7425633374445068,-1.030568658858202,-0.12479523254304048,0.40000000000000036,(AG.Litter_SOM ^ lambda -1)/lambda ~ block + gr.ef + sowndiv + leg.ef + sh.ef + th.ef
AG.Litter_SOM,sh.ef,0.015,0.10820122792231042,0.2976787291855928,-0.4494430727964184,-1.031683538897724,-0.1251263910769249,0.40000000000000036,(AG.Litter_SOM ^ lambda -1)/lambda ~ block + sh.ef + sowndiv + leg.ef + gr.ef + th.ef
AG.Litter_SOM,th.ef,0.016,0.10820122792231045,0.29238751600099455,0.06451692690365868,-1.056080423747289,-0.1276029030479406,0.40000000000000036,(AG.Litter_SOM ^ lambda -1)/lambda ~ block + th.ef + sowndiv + leg.ef + gr.ef + sh.ef
Soil.Microorganisms_SOM,sowndiv,0.023,0.08177000287744488,0.19607193869550626,-6.769876142425954,0.001504465605817266,0.048011046601811505,0,log(Soil.Microorganisms_SOM) ~ block + sowndiv + leg.ef + gr.ef + sh.ef + th.ef
Soil.Microorganisms_SOM,numfg,0,0.05842284271294405,0.8753415296484077,0.8241648748677528,-1.7143209987993766e-4,-0.003966751816481636,0,log(Soil.Microorganisms_SOM) ~ block + numfg + sowndiv
Soil.Microorganisms_SOM,leg.ef,0.011,0.08177000287744478,0.3865929452710314,0.6690096592497997,0.0019103070527924015,0.019128191078835118,0,log(Soil.Microorganisms_SOM) ~ block + leg.ef + sowndiv + gr.ef + sh.ef + th.ef
Soil.Microorganisms_SOM,gr.ef,0,0.0817700028774449,0.9762058849678772,1.191014346321767,-7.029058415545771e-5,-7.038301632207026e-4,0,log(Soil.Microorganisms_SOM) ~ block + gr.ef + sowndiv + leg.ef + sh.ef + th.ef
Soil.Microorganisms_SOM,sh.ef,0,0.08177000287744492,0.86496271803577,-0.1092891857528273,-3.9177627707017663e-4,-0.00392907402388909,0,log(Soil.Microorganisms_SOM) ~ block + sh.ef + sowndiv + leg.ef + gr.ef + th.ef
Soil.Microorganisms_SOM,th.ef,0.015,0.08177000287744492,0.2945721926037839,0.2967452940642747,-0.0025697339848867184,-0.025674464213385727,0,log(Soil.Microorganisms_SOM) ~ block + th.ef + sowndiv + leg.ef + gr.ef + sh.ef
Plants_AG.Litter,sowndiv,0.002,0.104727734287013,0.6784362381244695,2.495075922258808,0.14839814432073237,0.05725351856923101,0.40000000000000036,(Plants_AG.Litter ^ lambda -1)/lambda ~ block + sowndiv + leg.ef + gr.ef + sh.ef + th.ef
Plants_AG.Litter,numfg,0.009,0.03957502415768476,0.40897887974273806,-0.16362443590559023,-0.39781169078935913,-0.11128464075778345,0.40000000000000036,(Plants_AG.Litter ^ lambda -1)/lambda ~ block + numfg + sowndiv
Plants_AG.Litter,leg.ef,0.028,0.1047277342870129,0.15659042981259785,-0.6277543917730832,1.3553763357004747,0.16407613719494304,0.40000000000000036,(Plants_AG.Litter ^ lambda -1)/lambda ~ block + leg.ef + sowndiv + gr.ef + sh.ef + th.ef
Plants_AG.Litter,gr.ef,0.015,0.10472773428701303,0.3034705137340475,-0.709052639591861,-1.055819776817898,-0.1278130848173454,0.40000000000000036,(Plants_AG.Litter ^ lambda -1)/lambda ~ block + gr.ef + sowndiv + leg.ef + sh.ef + th.ef
Plants_AG.Litter,sh.ef,0.015,0.104727734287013,0.3066625818464133,-0.44772714683201315,-1.020428007473157,-0.12372265981794697,0.40000000000000036,(Plants_AG.Litter ^ lambda -1)/lambda ~ block + sh.ef + sowndiv + leg.ef + gr.ef + th.ef
Plants_AG.Litter,th.ef,0.016,0.10472773428701307,0.29067211252399744,0.06428020182412687,-1.0683321450724717,-0.12904296080985153,0.40000000000000036,(Plants_AG.Litter ^ lambda -1)/lambda ~ block + th.ef + sowndiv + leg.ef + gr.ef + sh.ef
AG.Herbivores_AG.Litter,sowndiv,0.139,0.32258159247005164,0.001174676299625606,-2.0865597719765803,0.00806740957864141,0.4263770199720042,0.40000000000000036,(AG.Herbivores_AG.Litter ^ lambda -1)/lambda ~ block + sowndiv + leg.ef + gr.ef + sh.ef + th.ef
AG.Herbivores_AG.Litter,numfg,0.003,0.20690815416530248,0.6647125381069036,0.16493596387777648,-0.0013072506771391855,-0.05009594040435209,0.40000000000000036,(AG.Herbivores_AG.Litter ^ lambda -1)/lambda ~ block + numfg + sowndiv
AG.Herbivores_AG.Litter,leg.ef,0.017,0.3225815924700518,0.2651434789962496,0.0488423933549838,0.006318797278755707,0.10478664089265652,0.40000000000000036,(AG.Herbivores_AG.Litter ^ lambda -1)/lambda ~ block + leg.ef + sowndiv + gr.ef + sh.ef + th.ef
AG.Herbivores_AG.Litter,gr.ef,0.106,0.3225815924700516,0.005047766632688443,-0.003803955796026517,-0.01770053811481443,-0.2935336978256535,0.40000000000000036,(AG.Herbivores_AG.Litter ^ lambda -1)/lambda ~ block + gr.ef + sowndiv + leg.ef + sh.ef + th.ef
AG.Herbivores_AG.Litter,sh.ef,0.01,0.3225815924700517,0.4115879920984039,0.044824336036081526,0.00482246936049309,0.08009812074783997,0.40000000000000036,(AG.Herbivores_AG.Litter ^ lambda -1)/lambda ~ block + sh.ef + sowndiv + leg.ef + gr.ef + th.ef
AG.Herbivores_AG.Litter,th.ef,0,0.3225815924700518,0.9643854203060805,0.06516639566431708,-2.6461745195375044e-4,-0.004378571824874066,0.40000000000000036,(AG.Herbivores_AG.Litter ^ lambda -1)/lambda ~ block + th.ef + sowndiv + leg.ef + gr.ef + sh.ef
AG.Carnivores_AG.Litter,sowndiv,0.128,0.22558260304403033,0.0018894004542121326,-2.341524882695308,6.64459559160473e-4,0.4475581636622609,0.40000000000000036,(AG.Carnivores_AG.Litter ^ lambda -1)/lambda ~ block + sowndiv + leg.ef + gr.ef + sh.ef + th.ef
AG.Carnivores_AG.Litter,numfg,0.014,0.15624726592543778,0.31583227802458125,0.04774930310023759,-2.4764952211530283e-4,-0.12094903244823954,0.40000000000000036,(AG.Carnivores_AG.Litter ^ lambda -1)/lambda ~ block + numfg + sowndiv
AG.Carnivores_AG.Litter,leg.ef,0.029,0.22558260304403022,0.14707992285840424,0.027400724097238437,7.08252497870828e-4,0.1496858876372418,0.40000000000000036,(AG.Carnivores_AG.Litter ^ lambda -1)/lambda ~ block + leg.ef + sowndiv + gr.ef + sh.ef + th.ef
AG.Carnivores_AG.Litter,gr.ef,0.025,0.22558260304403033,0.17864692357904638,0.012193198110380674,-7.079687928029069e-4,-0.1496259278841218,0.40000000000000036,(AG.Carnivores_AG.Litter ^ lambda -1)/lambda ~ block + gr.ef + sowndiv + leg.ef + sh.ef + th.ef
AG.Carnivores_AG.Litter,sh.ef,0.013,0.2255826030440304,0.3407617768889094,-0.020300975790389433,-4.851263111480997e-4,-0.10269018242987693,0.40000000000000036,(AG.Carnivores_AG.Litter ^ lambda -1)/lambda ~ block + sh.ef + sowndiv + leg.ef + gr.ef + th.ef
AG.Carnivores_AG.Litter,th.ef,0.021,0.22558260304403027,0.21990564013403888,0.024260029638360645,-6.351056339465267e-4,-0.13393102923522732,0.40000000000000036,(AG.Carnivores_AG.Litter ^ lambda -1)/lambda ~ block + th.ef + sowndiv + leg.ef + gr.ef + sh.ef
AG.Omnivores_AG.Litter,sowndiv,0.026,0.13552350008436329,0.1715509635062628,-1.9250047961749053,0.004863297278671229,0.18774887409874347,0.40000000000000036,(AG.Omnivores_AG.Litter ^ lambda -1)/lambda ~ block + sowndiv + leg.ef + gr.ef + sh.ef + th.ef
AG.Omnivores_AG.Litter,numfg,0.001,0.07008479327317232,0.8202913851248259,0.004749464201515809,0.0010638477185507995,0.02977899007873187,0.40000000000000036,(AG.Omnivores_AG.Litter ^ lambda -1)/lambda ~ block + numfg + sowndiv
AG.Omnivores_AG.Litter,leg.ef,0.049,0.13552350008436342,0.0587332075397998,0.06904796896829538,0.01717016415233125,0.20798536832556855,0.40000000000000036,(AG.Omnivores_AG.Litter ^ lambda -1)/lambda ~ block + leg.ef + sowndiv + gr.ef + sh.ef + th.ef
AG.Omnivores_AG.Litter,gr.ef,0.002,0.1355235000843634,0.684904039045638,-0.04096072014189983,-0.003913230310341617,-0.04740168120807831,0.40000000000000036,(AG.Omnivores_AG.Litter ^ lambda -1)/lambda ~ block + gr.ef + sowndiv + leg.ef + sh.ef + th.ef
AG.Omnivores_AG.Litter,sh.ef,0,0.1355235000843633,0.9063342291445796,-0.008133440790051712,-0.0011035195845379014,-0.013388124282170944,0.40000000000000036,(AG.Omnivores_AG.Litter ^ lambda -1)/lambda ~ block + sh.ef + sowndiv + leg.ef + gr.ef + th.ef
AG.Omnivores_AG.Litter,th.ef,0.015,0.1355235000843633,0.2987119534067516,0.03378121373929265,-0.009945379760103297,-0.12020490965567901,0.40000000000000036,(AG.Omnivores_AG.Litter ^ lambda -1)/lambda ~ block + th.ef + sowndiv + leg.ef + gr.ef + sh.ef
AG.Decomposers_AG.Litter,sowndiv,0.03,0.42704082487215633,0.14340870891104776,-1.8648625783619015,0.008476700001791635,0.1645414932564559,0.40000000000000036,(AG.Decomposers_AG.Litter ^ lambda -1)/lambda ~ block + sowndiv + leg.ef + gr.ef + sh.ef + th.ef
AG.Decomposers_AG.Litter,numfg,0.033,0.3904745588744646,0.11484806831172083,0.279852725423286,0.012540541368144012,0.17650169516618208,0.40000000000000036,(AG.Decomposers_AG.Litter ^ lambda -1)/lambda ~ block + numfg + sowndiv
AG.Decomposers_AG.Litter,leg.ef,0.03,0.42704082487215644,0.1398795349063752,-0.15402786759866813,0.022064109967912124,0.13438377816144773,0.40000000000000036,(AG.Decomposers_AG.Litter ^ lambda -1)/lambda ~ block + leg.ef + sowndiv + gr.ef + sh.ef + th.ef
AG.Decomposers_AG.Litter,gr.ef,0.012,0.4270408248721564,0.3565470035421763,0.20870688027872578,-0.014708207657252823,-0.08958188287854178,0.40000000000000036,(AG.Decomposers_AG.Litter ^ lambda -1)/lambda ~ block + gr.ef + sowndiv + leg.ef + sh.ef + th.ef
AG.Decomposers_AG.Litter,sh.ef,0.034,0.42704082487215644,0.1197696145923656,0.11096976978796042,0.024129580956431626,0.14719449474418675,0.40000000000000036,(AG.Decomposers_AG.Litter ^ lambda -1)/lambda ~ block + sh.ef + sowndiv + leg.ef + gr.ef + th.ef
AG.Decomposers_AG.Litter,th.ef,0.013,0.4270408248721564,0.3401950078397986,0.03702388521547811,0.01481646148935005,0.09004247604019963,0.40000000000000036,(AG.Decomposers_AG.Litter ^ lambda -1)/lambda ~ block + th.ef + sowndiv + leg.ef + gr.ef + sh.ef
SOM_Soil.Microorganisms,sowndiv,0.056,0.27473719328614277,0.043495379839839615,-1.094098717038593,0.009611585246464847,0.2718916952427415,0.5,(SOM_Soil.Microorganisms ^ lambda -1)/lambda ~ block + sowndiv + leg.ef + gr.ef + sh.ef + th.ef
SOM_Soil.Microorganisms,numfg,0,0.21512949803088605,0.8994692898903452,-0.03842110904406122,8.18511938809117e-4,0.016788423402088408,0.5,(SOM_Soil.Microorganisms ^ lambda -1)/lambda ~ block + numfg + sowndiv
SOM_Soil.Microorganisms,leg.ef,0.006,0.2747371932861428,0.5157013731325593,0.01987792676047106,-0.008182894777013838,-0.0726306113501904,0.5,(SOM_Soil.Microorganisms ^ lambda -1)/lambda ~ block + leg.ef + sowndiv + gr.ef + sh.ef + th.ef
SOM_Soil.Microorganisms,gr.ef,0.056,0.2747371932861427,0.04411071132622019,-0.07542609724752626,0.027168407281264156,0.2411442507842287,0.5,(SOM_Soil.Microorganisms ^ lambda -1)/lambda ~ block + gr.ef + sowndiv + leg.ef + sh.ef + th.ef
SOM_Soil.Microorganisms,sh.ef,0.007,0.27473719328614277,0.48465351433558324,-0.0194603426964279,-0.009106079031534153,-0.08095161212089144,0.5,(SOM_Soil.Microorganisms ^ lambda -1)/lambda ~ block + sh.ef + sowndiv + leg.ef + gr.ef + th.ef
SOM_Soil.Microorganisms,th.ef,0.002,0.2747371932861427,0.6864055847429757,0.020219967283378652,-0.005299000274089111,-0.046929850838885685,0.5,(SOM_Soil.Microorganisms ^ lambda -1)/lambda ~ block + th.ef + sowndiv + leg.ef + gr.ef + sh.ef
Plants_o,sowndiv,0.258,0.4843436245710446,4.5636337461208505e-6,2.560460070216808,6.542020130840363,0.5603123757246882,-0.09999999999999987,(Plants_o ^ lambda -1)/lambda ~ block + sowndiv + leg.ef + gr.ef + sh.ef + th.ef
Plants_o,numfg,0,0.38220156691735235,0.940798243741065,0.15625261363356194,0.12041016302162195,0.007477655581432797,-0.09999999999999987,(Plants_o ^ lambda -1)/lambda ~ block + numfg + sowndiv
Plants_o,leg.ef,0.09,0.4843436245710446,0.009806104898890439,0.17948417469850964,-7.998748894660434,-0.21495730796763127,-0.09999999999999987,(Plants_o ^ lambda -1)/lambda ~ block + leg.ef + sowndiv + gr.ef + sh.ef + th.ef
Plants_o,gr.ef,0.044,0.48434362457104446,0.0736059729434487,0.2122284840284972,5.704516422955734,0.15330241137514322,-0.09999999999999987,(Plants_o ^ lambda -1)/lambda ~ block + gr.ef + sowndiv + leg.ef + sh.ef + th.ef
Plants_o,sh.ef,0.009,0.48434362457104446,0.41811671013716145,0.05247674728980207,2.5037954988907742,0.06739231256419563,-0.09999999999999987,(Plants_o ^ lambda -1)/lambda ~ block + sh.ef + sowndiv + leg.ef + gr.ef + th.ef
Plants_o,th.ef,0.001,0.4843436245710446,0.8326124973538289,0.11358736552737782,0.6580322752888321,0.017644926176259488,-0.09999999999999987,(Plants_o ^ lambda -1)/lambda ~ block + th.ef + sowndiv + leg.ef + gr.ef + sh.ef
AG.Herbivores_o,sowndiv,0.002,0.07902736338057098,0.70798718170955,-7.770494212645489,-3.740425718787114e-5,-0.002149516960468332,0,log(AG.Herbivores_o) ~ block + sowndiv + leg.ef + gr.ef + sh.ef + th.ef
AG.Herbivores_o,numfg,0.006,0.02820733307248597,0.5129199261873396,0.3637663526422506,8.615827414602553e-5,0.0035900525636655533,-0.09999999999999987,(AG.Herbivores_o ^ lambda -1)/lambda ~ block + numfg + sowndiv
AG.Herbivores_o,leg.ef,0.014,0.07902736338057098,0.31660190262986404,0.7204556731621584,2.8160179858696124e-4,0.005077700471195466,0,log(AG.Herbivores_o) ~ block + leg.ef + sowndiv + gr.ef + sh.ef + th.ef
AG.Herbivores_o,gr.ef,0.018,0.07902736338057102,0.25376838305459654,0.5206597783845023,-3.5463635831949243e-4,-0.006394622522930537,0,log(AG.Herbivores_o) ~ block + gr.ef + sowndiv + leg.ef + sh.ef + th.ef
AG.Herbivores_o,sh.ef,0.014,0.079027363380571,0.31623793734000255,0.4451304059730453,2.9329332853015677e-4,0.005296819727259341,0,log(AG.Herbivores_o) ~ block + sh.ef + sowndiv + leg.ef + gr.ef + th.ef
AG.Herbivores_o,th.ef,0.002,0.079027363380571,0.7131583469851943,-0.058891774878158096,1.0769043320812467e-4,0.001937542676822763,0,log(AG.Herbivores_o) ~ block + th.ef + sowndiv + leg.ef + gr.ef + sh.ef
AG.Carnivores_o,sowndiv,0,0.09965639474376284,0.9640149659664696,-2.3287984607492223,-4.417338849932036e-6,-0.00572522304142301,0.40000000000000036,(AG.Carnivores_o ^ lambda -1)/lambda ~ block + sowndiv + leg.ef + gr.ef + sh.ef + th.ef
AG.Carnivores_o,numfg,0.003,0.037228536553782166,0.6671425327890153,-0.03510318146653406,5.9651181584141903e-5,0.056057628480973024,0.40000000000000036,(AG.Carnivores_o ^ lambda -1)/lambda ~ block + numfg + sowndiv
AG.Carnivores_o,leg.ef,0.003,0.09965639474376284,0.6247630215403102,-0.03142012746139003,-1.311314426463839e-4,-0.05332739231177021,0.40000000000000036,(AG.Carnivores_o ^ lambda -1)/lambda ~ block + leg.ef + sowndiv + gr.ef + sh.ef + th.ef
AG.Carnivores_o,gr.ef,0.001,0.09965639474376296,0.7920928846020415,-0.023921920091728544,7.459121490793915e-5,0.03033410523160232,0.40000000000000036,(AG.Carnivores_o ^ lambda -1)/lambda ~ block + gr.ef + sowndiv + leg.ef + sh.ef + th.ef
AG.Carnivores_o,sh.ef,0.041,0.09965639474376284,0.08485685627260266,0.03184710290004519,4.781241393350443e-4,0.19474464866571659,0.40000000000000036,(AG.Carnivores_o ^ lambda -1)/lambda ~ block + sh.ef + sowndiv + leg.ef + gr.ef + th.ef
AG.Carnivores_o,th.ef,0.009,0.0996563947437629,0.423827299941135,-2.929733742389061e-4,-2.2504719754219997e-4,-0.09131867810608617,0.40000000000000036,(AG.Carnivores_o ^ lambda -1)/lambda ~ block + th.ef + sowndiv + leg.ef + gr.ef + sh.ef
AG.Omnivores_o,sowndiv,0.056,0.20787880153030447,0.0443565686873676,-7.016947222518603,0.002315785554171192,0.12106068674134655,0,log(AG.Omnivores_o) ~ block + sowndiv + leg.ef + gr.ef + sh.ef + th.ef
AG.Omnivores_o,numfg,0.001,0.15155075891528577,0.8355760060203881,0.5569838820059078,-2.1043110765892539e-4,-0.00797624910009395,0,log(AG.Omnivores_o) ~ block + numfg + sowndiv
AG.Omnivores_o,leg.ef,0.002,0.2078788015303045,0.6977631350250619,1.8853846770658533,-7.828654029109457e-4,-0.012841143703485549,0,log(AG.Omnivores_o) ~ block + leg.ef + sowndiv + gr.ef + sh.ef + th.ef
AG.Omnivores_o,gr.ef,0.029,0.2078788015303045,0.14854182769261634,0.9774432791828336,-0.003240687556431087,-0.053156180430881564,0,log(AG.Omnivores_o) ~ block + gr.ef + sowndiv + leg.ef + sh.ef + th.ef
AG.Omnivores_o,sh.ef,0,0.20787880153030447,0.8848847292969957,-0.06973003432774588,-3.0006787730392417e-4,-0.0049296656553135644,0,log(AG.Omnivores_o) ~ block + sh.ef + sowndiv + leg.ef + gr.ef + th.ef
AG.Omnivores_o,th.ef,0.039,0.2078788015303045,0.09239993353744262,0.3488310800563238,0.00349941627901692,0.05727363031935182,0,log(AG.Omnivores_o) ~ block + th.ef + sowndiv + leg.ef + gr.ef + sh.ef
AG.Decomposers_o,sowndiv,0.028,0.22226531596853386,0.15772694460483141,-5.743424035438573,1.2079381815625338e-4,0.05180597224329544,0.10000000000000009,(AG.Decomposers_o ^ lambda -1)/lambda ~ block + sowndiv + leg.ef + gr.ef + sh.ef + th.ef
AG.Decomposers_o,numfg,0.004,0.13593597254158632,0.5762144490064427,0.40838659005394773,5.9874411934197456e-5,0.018619171625136176,0.10000000000000009,(AG.Decomposers_o ^ lambda -1)/lambda ~ block + numfg + sowndiv
AG.Decomposers_o,leg.ef,0.002,0.22226531596853386,0.69951304146907,0.08417882065461572,7.574144741612796e-5,0.010192495592998943,0.10000000000000009,(AG.Decomposers_o ^ lambda -1)/lambda ~ block + leg.ef + sowndiv + gr.ef + sh.ef + th.ef
AG.Decomposers_o,gr.ef,0.063,0.22226531596853386,0.03186666768315156,0.3043778289129495,-4.781756036271091e-4,-0.06434789535869258,0.10000000000000009,(AG.Decomposers_o ^ lambda -1)/lambda ~ block + gr.ef + sowndiv + leg.ef + sh.ef + th.ef
AG.Decomposers_o,sh.ef,0.031,0.2222653159685339,0.13549423235623673,0.26022723727070957,3.056520487275665e-4,0.041196051931557134,0.10000000000000009,(AG.Decomposers_o ^ lambda -1)/lambda ~ block + sh.ef + sowndiv + leg.ef + gr.ef + th.ef
AG.Decomposers_o,th.ef,0.028,0.2222653159685339,0.15996257949358983,0.08737824368671494,2.863905096753823e-4,0.038454578310751344,0.10000000000000009,(AG.Decomposers_o ^ lambda -1)/lambda ~ block + th.ef + sowndiv + leg.ef + gr.ef + sh.ef
BG.Carnivores_o,sowndiv,0.011,0.058005406517913694,0.38749056997955944,-0.28629061192326216,-0.1369360081667105,-0.04647030520135992,0.20000000000000018,(BG.Carnivores_o ^ lambda -1)/lambda ~ block + sowndiv + leg.ef + gr.ef + sh.ef + th.ef
BG.Carnivores_o,numfg,0.028,0.046014209769070676,0.14947647883972395,-0.7654052747590347,0.3891041219923543,0.09574314020513015,0.20000000000000018,(BG.Carnivores_o ^ lambda -1)/lambda ~ block + numfg + sowndiv
BG.Carnivores_o,leg.ef,0.027,0.05800540651791363,0.16753390655727438,-0.21963527830197538,0.6440098718806018,0.0685744287543842,0.20000000000000018,(BG.Carnivores_o ^ lambda -1)/lambda ~ block + leg.ef + sowndiv + gr.ef + sh.ef + th.ef
BG.Carnivores_o,gr.ef,0.018,0.05800540651791367,0.25873634089997977,-0.3400243010139854,0.5582032510812557,0.05943770545000894,0.20000000000000018,(BG.Carnivores_o ^ lambda -1)/lambda ~ block + gr.ef + sowndiv + leg.ef + sh.ef + th.ef
BG.Carnivores_o,sh.ef,0.001,0.05800540651791365,0.8325274355843725,0.11782383650414324,0.1023761114430134,0.010918165100411355,0.20000000000000018,(BG.Carnivores_o ^ lambda -1)/lambda ~ block + sh.ef + sowndiv + leg.ef + gr.ef + th.ef
BG.Carnivores_o,th.ef,0,0.05800540651791367,0.9719292036190935,-0.17140558662796826,0.01719837058240714,0.0018272563313489715,0.20000000000000018,(BG.Carnivores_o ^ lambda -1)/lambda ~ block + th.ef + sowndiv + leg.ef + gr.ef + sh.ef
BG.Herbivores_o,sowndiv,0.008,0.05951901526776005,0.44762408099956297,-4.226815445662525,0.0029655955238413307,0.015539072628197875,0,log(BG.Herbivores_o) ~ block + sowndiv + leg.ef + gr.ef + sh.ef + th.ef
BG.Herbivores_o,numfg,0.017,0.02699893808792482,0.2635670545565025,0.33302362388568085,-0.004713842666842302,-0.017909037126563908,0,log(BG.Herbivores_o) ~ block + numfg + sowndiv
BG.Herbivores_o,leg.ef,0.028,0.05951901526776003,0.1552969148992293,0.8930982310913625,-0.013650543279397194,-0.022442690894977222,0,log(BG.Herbivores_o) ~ block + leg.ef + sowndiv + gr.ef + sh.ef + th.ef
BG.Herbivores_o,gr.ef,0.034,0.05951901526776004,0.11768762368703165,0.37773414587401405,-0.016250354113780126,-0.026717008022672198,0,log(BG.Herbivores_o) ~ block + gr.ef + sowndiv + leg.ef + sh.ef + th.ef
BG.Herbivores_o,sh.ef,0.004,0.05951901526776002,0.5848656620967888,0.3426580610189207,0.005046857298081738,0.008310504144503615,0,log(BG.Herbivores_o) ~ block + sh.ef + sowndiv + leg.ef + gr.ef + th.ef
BG.Herbivores_o,th.ef,0.001,0.05951901526776003,0.7785353072426643,0.1693027437973402,0.002607542156257881,0.004277586780015021,0,log(BG.Herbivores_o) ~ block + th.ef + sowndiv + leg.ef + gr.ef + sh.ef
BG.Decomposers_o,sowndiv,0.018,0.10432534577983306,0.2513616996022287,3.4336362482477787,0.9317746243166122,0.15445643174388352,0.30000000000000027,(BG.Decomposers_o ^ lambda -1)/lambda ~ block + sowndiv + leg.ef + gr.ef + sh.ef + th.ef
BG.Decomposers_o,numfg,0.018,0.05562691002843607,0.24679321162897358,0.051379995929055115,-1.1747721906787774,-0.14119936730940094,0.30000000000000027,(BG.Decomposers_o ^ lambda -1)/lambda ~ block + numfg + sowndiv
BG.Decomposers_o,leg.ef,0,0.10432534577983306,0.88033904669047,-0.8018006248077285,-0.3107751521505264,-0.016164162921066122,0.30000000000000027,(BG.Decomposers_o ^ lambda -1)/lambda ~ block + leg.ef + sowndiv + gr.ef + sh.ef + th.ef
BG.Decomposers_o,gr.ef,0.002,0.10432534577983309,0.7094632550127986,-0.7980370006476493,0.8137250410375465,0.04232379598324923,0.30000000000000027,(BG.Decomposers_o ^ lambda -1)/lambda ~ block + gr.ef + sowndiv + leg.ef + sh.ef + th.ef
BG.Decomposers_o,sh.ef,0.002,0.10432534577983309,0.6855515888154946,-0.20802902040680335,-0.8664461326459847,-0.04513670504621441,0.30000000000000027,(BG.Decomposers_o ^ lambda -1)/lambda ~ block + sh.ef + sowndiv + leg.ef + gr.ef + th.ef
BG.Decomposers_o,th.ef,0.066,0.10432534577983316,0.028223095541235442,0.21012226306494275,-4.931627281232494,-0.25594089043447055,0.30000000000000027,(BG.Decomposers_o ^ lambda -1)/lambda ~ block + th.ef + sowndiv + leg.ef + gr.ef + sh.ef
BG.Omnivores_o,sowndiv,0.005,0.1536878077111142,0.5721756125530907,-1.618315943641447,-0.028182296904727736,-0.008704684456865239,0,log(BG.Omnivores_o) ~ block + sowndiv + leg.ef + gr.ef + sh.ef + th.ef
BG.Omnivores_o,numfg,0.076,0.1451827727616855,0.01619967716100591,-0.19366290403644745,0.24122328334424922,0.05402314281750475,0,log(BG.Omnivores_o) ~ block + numfg + sowndiv
BG.Omnivores_o,leg.ef,0.008,0.1536878077111143,0.4475533827462327,-0.9646842178104554,0.10865557228439593,0.010530293182476076,0,log(BG.Omnivores_o) ~ block + leg.ef + sowndiv + gr.ef + sh.ef + th.ef
BG.Omnivores_o,gr.ef,0.006,0.15368780771111423,0.5127433282938909,-0.9730555341143585,0.09937857437559089,0.009631218190010515,0,log(BG.Omnivores_o) ~ block + gr.ef + sowndiv + leg.ef + sh.ef + th.ef
BG.Omnivores_o,sh.ef,0.048,0.15368780771111423,0.06371363553231803,0.8992559603589164,0.2826784466542891,0.027438635418658933,0,log(BG.Omnivores_o) ~ block + sh.ef + sowndiv + leg.ef + gr.ef + th.ef
BG.Omnivores_o,th.ef,0.028,0.15368780771111426,0.16040510660435017,-0.09620223125627253,0.20919692526272524,0.0202295515408477,0,log(BG.Omnivores_o) ~ block + th.ef + sowndiv + leg.ef + gr.ef + sh.ef
Soil.Microorganisms_o,sowndiv,0.005,0.15370492368208333,0.5647644216285552,-1.0771764910010906,0.004583678969930495,0.09042874575744547,0.7000000000000002,(Soil.Microorganisms_o ^ lambda -1)/lambda ~ block + sowndiv + leg.ef + gr.ef + sh.ef + th.ef
Soil.Microorganisms_o,numfg,0.001,0.12047624541105163,0.8029555233925367,0.033814567468488925,-0.0027011199907418515,-0.03863849179812615,0.7000000000000002,(Soil.Microorganisms_o ^ lambda -1)/lambda ~ block + numfg + sowndiv
Soil.Microorganisms_o,leg.ef,0.001,0.15370492368208324,0.800301836932175,-0.011123209888399153,-0.005435340280716572,-0.03364580047809918,0.7000000000000002,(Soil.Microorganisms_o ^ lambda -1)/lambda ~ block + leg.ef + sowndiv + gr.ef + sh.ef + th.ef
Soil.Microorganisms_o,gr.ef,0.014,0.15370492368208327,0.32156426464410925,-0.10859722206377927,0.022624940620907308,0.14005272874277724,0.7000000000000002,(Soil.Microorganisms_o ^ lambda -1)/lambda ~ block + gr.ef + sowndiv + leg.ef + sh.ef + th.ef
Soil.Microorganisms_o,sh.ef,0.022,0.15370492368208338,0.21132579899146797,-0.051323979723060284,-0.027970427232995587,-0.17341416957132863,0.7000000000000002,(Soil.Microorganisms_o ^ lambda -1)/lambda ~ block + sh.ef + sowndiv + leg.ef + gr.ef + th.ef
Soil.Microorganisms_o,th.ef,0,0.1537049236820833,0.9085298516581313,0.008358580605756994,0.0025739670639735868,0.015898260582846196,0.7000000000000002,(Soil.Microorganisms_o ^ lambda -1)/lambda ~ block + th.ef + sowndiv + leg.ef + gr.ef + sh.ef
Plants.Stock,sowndiv,0.259,0.4849304434647768,4.285911266806046e-6,4.402469593283887,120.13904747584553,0.5611346041936385,-0.09999999999999987,(Plants.Stock ^ lambda -1)/lambda ~ block + sowndiv + leg.ef + gr.ef + sh.ef + th.ef
Plants.Stock,numfg,0,0.38349787853107603,0.9381584844626758,0.12135990148916864,2.2806610701742707,0.0077237390320470355,-0.09999999999999987,(Plants.Stock ^ lambda -1)/lambda ~ block + numfg + sowndiv
Plants.Stock,leg.ef,0.088,0.4849304434647768,0.010643174857535544,0.13711955956381056,-143.46212346099048,-0.21024802981742527,-0.09999999999999987,(Plants.Stock ^ lambda -1)/lambda ~ block + leg.ef + sowndiv + gr.ef + sh.ef + th.ef
Plants.Stock,gr.ef,0.046,0.4849304434647767,0.06846532223947906,0.16508701993748212,105.39345823993267,0.1544572631159766,-0.09999999999999987,(Plants.Stock ^ lambda -1)/lambda ~ block + gr.ef + sowndiv + leg.ef + sh.ef + th.ef
Plants.Stock,sh.ef,0.008,0.4849304434647769,0.44526514815461904,0.03841385798291755,42.804128597739805,0.0628292237220108,-0.09999999999999987,(Plants.Stock ^ lambda -1)/lambda ~ block + sh.ef + sowndiv + leg.ef + gr.ef + th.ef
Plants.Stock,th.ef,0.001,0.4849304434647768,0.8399571122793554,0.0885123619167009,11.404336710216512,0.01667658840684855,-0.09999999999999987,(Plants.Stock ^ lambda -1)/lambda ~ block + th.ef + sowndiv + leg.ef + gr.ef + sh.ef
AG.Herbivores.Stock,sowndiv,0.099,0.2058044948725628,0.0067300675083041385,-2.059595186795293,0.002460395875117507,0.38413964506267206,0.40000000000000036,(AG.Herbivores.Stock ^ lambda -1)/lambda ~ block + sowndiv + leg.ef + gr.ef + sh.ef + th.ef
AG.Herbivores.Stock,numfg,0.035,0.16784044622073413,0.10712205559179473,0.08382442955475236,-0.0017660306963347596,-0.19992465866760575,0.30000000000000027,(AG.Herbivores.Stock ^ lambda -1)/lambda ~ block + numfg + sowndiv
AG.Herbivores.Stock,leg.ef,0.002,0.20580449487256264,0.6971293023549622,0.01710005241546688,-8.685269223953837e-4,-0.04254800859579839,0.40000000000000036,(AG.Herbivores.Stock ^ lambda -1)/lambda ~ block + leg.ef + sowndiv + gr.ef + sh.ef + th.ef
AG.Herbivores.Stock,gr.ef,0.057,0.20580449487256286,0.041475505713508366,-0.05715018728013135,-0.004933785768012101,-0.2416997721708418,0.40000000000000036,(AG.Herbivores.Stock ^ lambda -1)/lambda ~ block + gr.ef + sowndiv + leg.ef + sh.ef + th.ef
AG.Herbivores.Stock,sh.ef,0.001,0.20580449487256278,0.8432808076545776,0.005949576822319092,4.5555201963683525e-4,0.02235194309995171,0.40000000000000036,(AG.Herbivores.Stock ^ lambda -1)/lambda ~ block + sh.ef + sowndiv + leg.ef + gr.ef + th.ef
AG.Herbivores.Stock,th.ef,0.014,0.20580449487256283,0.314226621580465,0.029724167418951404,-0.00235987654933314,-0.11535269263861622,0.40000000000000036,(AG.Herbivores.Stock ^ lambda -1)/lambda ~ block + th.ef + sowndiv + leg.ef + gr.ef + sh.ef
AG.Carnivores.Stock,sowndiv,0.044,0.2649731987741185,0.07591208459127156,-1.9326154120934227,-0.002917259716714908,-0.20809513529919937,0.30000000000000027,(AG.Carnivores.Stock ^ lambda -1)/lambda ~ block + sowndiv + leg.ef + gr.ef + sh.ef + th.ef
AG.Carnivores.Stock,numfg,0.003,0.2501093583191028,0.6151954757785356,-0.07900348817555562,0.0011713205555456037,0.06058241367474342,0.30000000000000027,(AG.Carnivores.Stock ^ lambda -1)/lambda ~ block + numfg + sowndiv
AG.Carnivores.Stock,leg.ef,0.023,0.2649731987741185,0.20356556133805043,-0.17530675892269357,0.005877711531918392,0.1315548649579198,0.30000000000000027,(AG.Carnivores.Stock ^ lambda -1)/lambda ~ block + leg.ef + sowndiv + gr.ef + sh.ef + th.ef
AG.Carnivores.Stock,gr.ef,0.001,0.26497319877411846,0.782190656107204,-0.2579066744324831,0.0013533485644166288,0.030290630403686195,0.30000000000000027,(AG.Carnivores.Stock ^ lambda -1)/lambda ~ block + gr.ef + sowndiv + leg.ef + sh.ef + th.ef
AG.Carnivores.Stock,sh.ef,0.001,0.2649731987741185,0.7757517434745711,-0.014018134474083515,-0.0013618897652090678,-0.03052965911269825,0.30000000000000027,(AG.Carnivores.Stock ^ lambda -1)/lambda ~ block + sh.ef + sowndiv + leg.ef + gr.ef + th.ef
AG.Carnivores.Stock,th.ef,0.002,0.26497319877411857,0.744435331833252,-0.031355544401712544,-0.0015730130075682983,-0.035129620484683516,0.30000000000000027,(AG.Carnivores.Stock ^ lambda -1)/lambda ~ block + th.ef + sowndiv + leg.ef + gr.ef + sh.ef
AG.Omnivores.Stock,sowndiv,0.109,0.314225878455323,0.004344433058889421,-3.35321573100975,0.0026292774689605277,0.2607687578349014,0.20000000000000018,(AG.Omnivores.Stock ^ lambda -1)/lambda ~ block + sowndiv + leg.ef + gr.ef + sh.ef + th.ef
AG.Omnivores.Stock,numfg,0,0.27639319868876167,0.8808300001194995,-0.06007951028974236,1.5237215094022807e-4,0.010957430162794742,0.20000000000000018,(AG.Omnivores.Stock ^ lambda -1)/lambda ~ block + numfg + sowndiv
AG.Omnivores.Stock,leg.ef,0.035,0.31422587845532307,0.11301336935419827,0.26454418733986695,0.0031517315588515914,0.09807993547707353,0.20000000000000018,(AG.Omnivores.Stock ^ lambda -1)/lambda ~ block + leg.ef + sowndiv + gr.ef + sh.ef + th.ef
AG.Omnivores.Stock,gr.ef,0.002,0.31422587845532307,0.7444632265032352,-0.06308019340615148,6.865495903281829e-4,0.021364998339431923,0.20000000000000018,(AG.Omnivores.Stock ^ lambda -1)/lambda ~ block + gr.ef + sowndiv + leg.ef + sh.ef + th.ef
AG.Omnivores.Stock,sh.ef,0.002,0.3142258784553231,0.6865713598951306,-0.03933993502373788,-8.327580945067525e-4,-0.025955605669874256,0.20000000000000018,(AG.Omnivores.Stock ^ lambda -1)/lambda ~ block + sh.ef + sowndiv + leg.ef + gr.ef + th.ef
AG.Omnivores.Stock,th.ef,0.024,0.314225878455323,0.1884152004315605,0.10158895656049544,-0.002790159485556192,-0.0866368150079148,0.20000000000000018,(AG.Omnivores.Stock ^ lambda -1)/lambda ~ block + th.ef + sowndiv + leg.ef + gr.ef + sh.ef
AG.Decomposers.Stock,sowndiv,0.095,0.38254239912315163,0.007927970785049736,-2.291582113113471,0.001034447723013644,0.3448042330270827,0.40000000000000036,(AG.Decomposers.Stock ^ lambda -1)/lambda ~ block + sowndiv + leg.ef + gr.ef + sh.ef + th.ef
AG.Decomposers.Stock,numfg,0.055,0.3140873902416054,0.04149869476492872,0.027613828435306163,0.0010705683808462714,0.25873931731871525,0.40000000000000036,(AG.Decomposers.Stock ^ lambda -1)/lambda ~ block + numfg + sowndiv
AG.Decomposers.Stock,leg.ef,0.095,0.3825423991231519,0.007977661086010515,-0.020782724279933155,0.00256509515362562,0.2682744626432723,0.40000000000000036,(AG.Decomposers.Stock ^ lambda -1)/lambda ~ block + leg.ef + sowndiv + gr.ef + sh.ef + th.ef
AG.Decomposers.Stock,gr.ef,0,0.38254239912315186,0.9611839492670098,0.03837602570567638,4.9169096936529065e-5,0.005142426408883047,0.40000000000000036,(AG.Decomposers.Stock ^ lambda -1)/lambda ~ block + gr.ef + sowndiv + leg.ef + sh.ef + th.ef
AG.Decomposers.Stock,sh.ef,0.038,0.3825423991231518,0.09893724607615247,0.037491536026116774,0.0016348192576876438,0.17124856940313643,0.40000000000000036,(AG.Decomposers.Stock ^ lambda -1)/lambda ~ block + sh.ef + sowndiv + leg.ef + gr.ef + th.ef
AG.Decomposers.Stock,th.ef,0.003,0.38254239912315186,0.6665811389799685,0.021756921641254465,-4.293345618137899e-4,-0.04480373329089963,0.40000000000000036,(AG.Decomposers.Stock ^ lambda -1)/lambda ~ block + th.ef + sowndiv + leg.ef + gr.ef + sh.ef
BG.Herbivores.Stock,sowndiv,0.004,0.06455011486110335,0.6118476353400227,-3.6729715625008037,0.003538785070080858,0.003770519586821369,-0.19999999999999996,(BG.Herbivores.Stock ^ lambda -1)/lambda ~ block + sowndiv + leg.ef + gr.ef + sh.ef + th.ef
BG.Herbivores.Stock,numfg,0,0.024707944994402747,0.9051086953827814,-0.18154881209731244,-0.0010584216583957213,-8.176919226767407e-4,-0.19999999999999996,(BG.Herbivores.Stock ^ lambda -1)/lambda ~ block + numfg + sowndiv
BG.Herbivores.Stock,leg.ef,0.01,0.06455011486110337,0.3901329636736024,-0.9200607147224619,-0.015553397949488922,-0.0051997697300470965,-0.19999999999999996,(BG.Herbivores.Stock ^ lambda -1)/lambda ~ block + leg.ef + sowndiv + gr.ef + sh.ef + th.ef
BG.Herbivores.Stock,gr.ef,0,0.06455011486110333,0.9965591525374973,-0.7346420981423487,8.104300532562475e-5,2.7094077274482415e-5,-0.19999999999999996,(BG.Herbivores.Stock ^ lambda -1)/lambda ~ block + gr.ef + sowndiv + leg.ef + sh.ef + th.ef
BG.Herbivores.Stock,sh.ef,0.019,0.06455011486110333,0.24106385241486283,0.7526192811324004,0.021578991604292545,0.007225556930534396,-0.19999999999999996,(BG.Herbivores.Stock ^ lambda -1)/lambda ~ block + sh.ef + sowndiv + leg.ef + gr.ef + th.ef
BG.Herbivores.Stock,th.ef,0.006,0.06455011486110337,0.5189240847244945,0.11521925689070102,-0.012146857816043952,-0.004051961163897228,-0.19999999999999996,(BG.Herbivores.Stock ^ lambda -1)/lambda ~ block + th.ef + sowndiv + leg.ef + gr.ef + sh.ef
BG.Carnivores.Stock,sowndiv,0.002,0.2654915515639509,0.7344993284812673,0.8127804582857489,0.046111415845275824,0.030551613793547112,0.10000000000000009,(BG.Carnivores.Stock ^ lambda -1)/lambda ~ block + sowndiv + leg.ef + gr.ef + sh.ef + th.ef
BG.Carnivores.Stock,numfg,0.01,0.11536802153946037,0.3913270190771393,-0.7112799692488156,0.17502541475932584,0.08408350139236007,0.10000000000000009,(BG.Carnivores.Stock ^ lambda -1)/lambda ~ block + numfg + sowndiv
BG.Carnivores.Stock,leg.ef,0.153,0.26549155156395077,6.321812783916436e-4,-0.6381675681577651,1.282551407919474,0.2666320135919673,0.10000000000000009,(BG.Carnivores.Stock ^ lambda -1)/lambda ~ block + leg.ef + sowndiv + gr.ef + sh.ef + th.ef
BG.Carnivores.Stock,gr.ef,0.029,0.26549155156395077,0.14972256687116625,-0.7316253738995052,0.5546658986126425,0.11531053219753071,0.10000000000000009,(BG.Carnivores.Stock ^ lambda -1)/lambda ~ block + gr.ef + sowndiv + leg.ef + sh.ef + th.ef
BG.Carnivores.Stock,sh.ef,0.031,0.2654915515639507,0.13785122462610758,-0.347380371689924,-0.5677303099421123,-0.11821183129216849,0.10000000000000009,(BG.Carnivores.Stock ^ lambda -1)/lambda ~ block + sh.ef + sowndiv + leg.ef + gr.ef + th.ef
BG.Carnivores.Stock,th.ef,0.045,0.2654915515639509,0.07289607572635813,0.02798501575137834,-0.703018039202076,-0.1458298665986319,0.10000000000000009,(BG.Carnivores.Stock ^ lambda -1)/lambda ~ block + th.ef + sowndiv + leg.ef + gr.ef + sh.ef
BG.Omnivores.Stock,sowndiv,0.009,0.262848200687427,0.43318596879246685,-0.5008487379095399,0.04255603288840179,0.011491673004021881,-0.19999999999999996,(BG.Omnivores.Stock ^ lambda -1)/lambda ~ block + sowndiv + leg.ef + gr.ef + sh.ef + th.ef
BG.Omnivores.Stock,numfg,0.015,0.09612747338825806,0.29695244746538757,-0.08334781115151074,0.08398614204459261,0.0164442371230069,-0.19999999999999996,(BG.Omnivores.Stock ^ lambda -1)/lambda ~ block + numfg + sowndiv
BG.Omnivores.Stock,leg.ef,0.001,0.2628482006874269,0.7944877194688975,-0.5107480857329946,-0.03628645452031787,-0.003074528142035778,-0.19999999999999996,(BG.Omnivores.Stock ^ lambda -1)/lambda ~ block + leg.ef + sowndiv + gr.ef + sh.ef + th.ef
BG.Omnivores.Stock,gr.ef,0.152,0.2628482006874269,6.398606612051235e-4,-0.3923321812111829,0.5274088310392271,0.04468701378582886,-0.19999999999999996,(BG.Omnivores.Stock ^ lambda -1)/lambda ~ block + gr.ef + sowndiv + leg.ef + sh.ef + th.ef
BG.Omnivores.Stock,sh.ef,0.003,0.262848200687427,0.6658110296239259,0.09347947004603907,0.062012289452640035,0.0052625114724007506,-0.19999999999999996,(BG.Omnivores.Stock ^ lambda -1)/lambda ~ block + sh.ef + sowndiv + leg.ef + gr.ef + th.ef
BG.Omnivores.Stock,th.ef,0.036,0.2628482006874269,0.1089166314269509,0.06032597954243994,-0.24108021456991013,-0.02038158735184367,-0.19999999999999996,(BG.Omnivores.Stock ^ lambda -1)/lambda ~ block + th.ef + sowndiv + leg.ef + gr.ef + sh.ef
BG.Decomposers.Stock,sowndiv,0.009,0.1033951728872318,0.42926409311128555,4.280774756360677,1.8328249934156742,0.05616178471385149,0.10000000000000009,(BG.Decomposers.Stock ^ lambda -1)/lambda ~ block + sowndiv + leg.ef + gr.ef + sh.ef + th.ef
BG.Decomposers.Stock,numfg,0.019,0.09323175315033332,0.22937783380845955,-0.28192220216525465,-3.375762895344432,-0.07500251248181806,0.10000000000000009,(BG.Decomposers.Stock ^ lambda -1)/lambda ~ block + numfg + sowndiv
BG.Decomposers.Stock,leg.ef,0.012,0.10339517288723181,0.34948521674225685,-0.7382039793608326,-5.5918025507943305,-0.05376300592282643,0.10000000000000009,(BG.Decomposers.Stock ^ lambda -1)/lambda ~ block + leg.ef + sowndiv + gr.ef + sh.ef + th.ef
BG.Decomposers.Stock,gr.ef,0,0.10339517288723184,0.9832655971051416,-1.149956791790597,0.13107616716924397,0.001260246349517545,0.10000000000000009,(BG.Decomposers.Stock ^ lambda -1)/lambda ~ block + gr.ef + sowndiv + leg.ef + sh.ef + th.ef
BG.Decomposers.Stock,sh.ef,0.003,0.10339517288723181,0.6484375583642248,-0.1897591474221879,-2.7911717515196877,-0.026878165846240934,0.10000000000000009,(BG.Decomposers.Stock ^ lambda -1)/lambda ~ block + sh.ef + sowndiv + leg.ef + gr.ef + th.ef
BG.Decomposers.Stock,th.ef,0.013,0.10339517288723182,0.3296697666246039,0.11699217436391801,-6.110124131152528,-0.058617088949862964,0.10000000000000009,(BG.Decomposers.Stock ^ lambda -1)/lambda ~ block + th.ef + sowndiv + leg.ef + gr.ef + sh.ef
Soil.Microorganisms.Stock,sowndiv,0.014,0.5670256483202426,0.3237507586535824,7.544687324117801,0.05626956742228444,0.10005051828032203,1.6,(Soil.Microorganisms.Stock ^ lambda -1)/lambda ~ block + sowndiv + leg.ef + gr.ef + sh.ef + th.ef
Soil.Microorganisms.Stock,numfg,0.017,0.4838179083916398,0.2659990415218819,-0.7054932309190965,0.0935793960762948,0.12064518091622972,1.4000000000000004,(Soil.Microorganisms.Stock ^ lambda -1)/lambda ~ block + numfg + sowndiv
Soil.Microorganisms.Stock,leg.ef,0.03,0.5670256483202426,0.14264834477934307,3.575106068115827,0.22968035572256618,0.12813902966859095,1.6,(Soil.Microorganisms.Stock ^ lambda -1)/lambda ~ block + leg.ef + sowndiv + gr.ef + sh.ef + th.ef
Soil.Microorganisms.Stock,gr.ef,0.073,0.5670256483202425,0.02068922003677863,-0.3777731246520179,-0.38827805373332414,-0.2166209334293053,1.6,(Soil.Microorganisms.Stock ^ lambda -1)/lambda ~ block + gr.ef + sowndiv + leg.ef + sh.ef + th.ef
Soil.Microorganisms.Stock,sh.ef,0.061,0.5670256483202426,0.035625824923225115,0.9522659455849088,0.34351336944167254,0.1919475516330706,1.6,(Soil.Microorganisms.Stock ^ lambda -1)/lambda ~ block + sh.ef + sowndiv + leg.ef + gr.ef + th.ef
Soil.Microorganisms.Stock,th.ef,0.015,0.5670256483202426,0.3043077425505281,0.15686592272955432,0.16729134931047707,0.09312656018187433,1.6,(Soil.Microorganisms.Stock ^ lambda -1)/lambda ~ block + th.ef + sowndiv + leg.ef + gr.ef + sh.ef
AG.Litter.Stock,sowndiv,0.001,0.3989609639709242,0.805841718191241,4.723386276121299,0.5472521929325962,0.026309565300059783,0.20000000000000018,(AG.Litter.Stock ^ lambda -1)/lambda ~ block + sowndiv + leg.ef + gr.ef + sh.ef + th.ef
AG.Litter.Stock,numfg,0.023,0.22469350038624714,0.18742603122422063,1.2914293177983316,4.621719535526935,0.16110674523229052,0.20000000000000018,(AG.Litter.Stock ^ lambda -1)/lambda ~ block + numfg + sowndiv
AG.Litter.Stock,leg.ef,0.134,0.3989609639709243,0.0014718930993846135,0.29829154486930387,19.652254882221506,0.2964492546520051,0.20000000000000018,(AG.Litter.Stock ^ lambda -1)/lambda ~ block + leg.ef + sowndiv + gr.ef + sh.ef + th.ef
AG.Litter.Stock,gr.ef,0.067,0.39896096397092423,0.02649429058749388,1.1407514894610566,-14.576228918701823,-0.2198786971003144,0.20000000000000018,(AG.Litter.Stock ^ lambda -1)/lambda ~ block + gr.ef + sowndiv + leg.ef + sh.ef + th.ef
AG.Litter.Stock,sh.ef,0.022,0.39896096397092423,0.20973554284829826,0.36074661953856046,7.829191877148581,0.11828679513132137,0.20000000000000018,(AG.Litter.Stock ^ lambda -1)/lambda ~ block + sh.ef + sowndiv + leg.ef + gr.ef + th.ef
AG.Litter.Stock,th.ef,0.003,0.3989609639709241,0.6370656583712624,0.024967882620845115,2.956310253692081,0.044496974529716675,0.20000000000000018,(AG.Litter.Stock ^ lambda -1)/lambda ~ block + th.ef + sowndiv + leg.ef + gr.ef + sh.ef
SOM.Stock,sowndiv,0.033,0.4832441196411975,0.12584793815408976,37.85828524814421,2.032412071905128,0.17195878195858535,0.7000000000000002,(SOM.Stock ^ lambda -1)/lambda ~ block + sowndiv + leg.ef + gr.ef + sh.ef + th.ef
SOM.Stock,numfg,0.002,0.4802582156257458,0.7114458095024381,6.502294772410331,-0.6566272609044006,-0.040282413042122656,0.8000000000000003,(SOM.Stock ^ lambda -1)/lambda ~ block + numfg + sowndiv
SOM.Stock,leg.ef,0.002,0.48324411964119757,0.6891927408742058,7.875910636414082,-1.4290421061689926,-0.0379375632364244,0.7000000000000002,(SOM.Stock ^ lambda -1)/lambda ~ block + leg.ef + sowndiv + gr.ef + sh.ef + th.ef
SOM.Stock,gr.ef,0.008,0.48324411964119757,0.4612376453803002,1.456801909782828,-2.798658829431332,-0.07429752829562387,0.7000000000000002,(SOM.Stock ^ lambda -1)/lambda ~ block + gr.ef + sowndiv + leg.ef + sh.ef + th.ef
SOM.Stock,sh.ef,0.001,0.4832441196411975,0.7719422510919254,0.24832071962030422,1.0713267526168977,0.028485753428756297,0.7000000000000002,(SOM.Stock ^ lambda -1)/lambda ~ block + sh.ef + sowndiv + leg.ef + gr.ef + th.ef
SOM.Stock,th.ef,0,0.4832441196411975,0.9051896051606756,0.46942919839339187,0.4438264034058932,0.011756553941919061,0.7000000000000002,(SOM.Stock ^ lambda -1)/lambda ~ block + th.ef + sowndiv + leg.ef + gr.ef + sh.ef
