plotcode,block,plot,sowndiv,numfg,numgrass,numsherb,numtherb,numleg,gr.ef,sh.ef,th.ef,leg.ef,*  ->  Plants,Plants -> AG Herbivores,AG Herbivores -> AG Carnivores ,AG Decomposers -> AG Carnivores ,Plants -> AG Omnivores,AG Herbivores -> AG Omnivores,AG Decomposers -> AG Omnivores,AG Litter -> AG Omnivores,AG Litter -> AG Decomposers ,BG Herbivores -> BG Carnivores,BG Decomposers -> BG Carnivores,Plants -> BG Herbivores,SOM -> BG Decomposers ,Plants -> BG Omnivores,BG Herbivores -> BG Omnivores,BG Decomposers -> BG Omnivores,SOM -> BG Omnivores,Soil Microorganisms -> BG Omnivores,Plants  ->  SOM,BG Carnivores -> SOM,BG Herbivores -> SOM,BG Decomposers  -> SOM,BG Omnivores -> SOM,AG Litter -> SOM,Soil Microorganisms -> SOM,Plants  ->  AG Litter,AG Herbivores -> AG Litter,AG Carnivores  -> AG Litter,AG Omnivores -> AG Litter,AG Decomposers -> AG Litter,SOM -> Soil Microorganisms,Plants ->*,AG Herbivores -> *,AG Carnivores  -> *,AG Omnivores -> *,AG Decomposers -> *,BG Carnivores -> *,BG Herbivores -> *,BG Decomposers -> *,BG Omnivores -> *,Soil Microorganisms -> *,Plants StandBiom,AG Herbivores StandBiom,AG Carnivores StandBiom,AG Omnivores StandBiom,AG Decomposers StandBiom,BG Herbivores StandBiom,BG Carnivores StandBiom,BG Omnivores StandBiom,BG Decomposers StandBiom ,Soil Microorganisms StandBiom,AG Litter StandBiom,SOM StandBiom
B1A01,B1,A01,16,4,4,4,4,4,1,1,1,1,46.062,0.014707,0.00035195,0.0023161,0.073679,0.00013745,4.73E-05,0.067676,0.090918,0.0015307,4.798,0.21236,13.002,2.4891,0.070193,2.2503,2.4928,0.011466,4.3111,1.7236,0.1279,5.6423,2.4774,1.521,0.0097406,1.4368,0.012133,0.0021896,0.14023,0.088262,0.31783,37.524,0.002084,0.00047839,0.0013101,0.00029198,3.076,0.012742,0.31189,4.8364,0.29662,661.3648283,0.002497795,0.04096697,0.037266667,0.016710219,0.347847381,2.327831982,4.367458426,18.78404833,5.456994576,43.76666667,104.9608028
B1A02,B1,A02,8,2,4,0,4,0,1,0,1,0,54.118,0.0034419,0.00041629,0.00015344,0.012681,0.00014405,0.00016569,0.056845,0.010185,3.62E-05,1.2378,0.026913,23.515,0.27269,0.00034829,1.078,3.179,0.24879,11.518,1.0679,0.026178,10.933,2.0774,1.3524,3.36E-05,1.3529,0.0015579,0.00055471,0.054824,0.009578,0.28155,40.931,1.32E-03,1.50E-05,0.015012,0.00028761,0.16992,0.00035004,10.266,2.7015,0.03273,723.2444761,0.006321633,0.035013485,0.026315455,0.00174697,0.056996641,1.462567862,3.81541881,32.4513532,5.025402097,19,107.9429773
B1A03,B1,A03,8,3,3,3,0,2,1,1,0,1,28.351,0.025384,0.0067375,0.0041972,0.002613,0.00040722,1.59E-06,0.0079397,0.046954,0.034389,2.8446,0.061213,9.3549,0.0060461,0.0062039,0.00073049,1.4988,0.095485,3.1384,2.7794,0.013045,1.7175,1.0075,2.5071,0.00062322,2.4814,0.017675,0.010056,0.010624,0.042285,0.30987,22.636,0.00056688,0.00087849,0.0003407,0.00047076,0.099564,0.0075745,4.7921,0.59975,0.21376,392.0860743,0.020776229,0.035204411,0.006369394,0.012731397,0.04020179,3.76290433,1.841453091,5.690597329,4.79190116,15.33333333,86.40934047
B1A04,B1,A04,4,4,1,1,1,1,1,1,1,1,49.443,0.044503,0.0026274,0.0018064,0.016653,0.00047971,8.58E-05,0.0080746,0.014059,0.2579,5.2932,1.6093,26.615,0.26883,0.15293,0.25473,0.29963,0.076372,2.8102,4.0743,0.99878,17.629,0.50615,1.0934,0.00034841,1.0395,0.040845,0.0003835,0.023591,0.011274,0.19751,43.654,0.0005507,0.0040503,0.0017018,0.00089259,1.4768,0.19971,3.4382,0.54633,0.12079,773.2853615,0.010973215,0.023427727,0.012870303,0.007466212,2.291978746,5.543202117,0.919025176,55.36617123,4.934902323,10.33333333,96.82322093
B1A05,B1,A05,2,1,0,0,0,2,0,0,0,1,60.419,0.0081285,0.0068867,8.20E-05,0.0010872,0.00023067,3.49E-05,0.0015607,0.014763,0.64785,12.643,0.7218,53.328,0.0014817,0.011663,0.0016257,0.37609,0.00018023,21.535,5.0902,0.060145,11.23,0.30641,15.483,0.22416,15.478,0.00046904,0.0035711,0.0023663,0.014514,0.22441,22.673,0.00054203,0.0033977,0.00054715,0.00013222,8.2011,0.002141,29.453,0.084632,6.99E-05,392.702999,0.032002609,0.056748805,0.006369394,0.000397508,0.174629435,6.970004835,0.569228586,37.42787777,5.60977994,50,116.1105249
B1A06,B1,A06,16,2,8,0,8,0,1,0,1,0,41.173,0.016744,0.0065753,1.82E-03,0.005181,0.001006,2.57E-04,0.032544,0.029117,1.0449,0.42711,1.2074,36.253,0.21273,0.12775,0.14585,0.30777,9.20E-02,5.7781,1.387,0.016516,23.398,0.66168,5.5687,0.024723,5.5543,0.0085382,0.0071711,0.033587,0.026754,0.27333,28.398,6.25E-04,0.0012235,0.0054008,0.00028719,0.085059,0.018204,12.283,0.2244,0.15662,495.7174613,0.024319731,0.05014202,0.022965909,0.006717576,0.03350368,1.897090181,1.226180452,63.56121602,5.427022715,12.66666667,114.4290962
B1A07,B1,A07,2,1,0,0,2,0,0,0,1,0,29.718,0.035045,0.00064993,0.0016636,0.023384,2.60E-05,0.0027672,0.022676,0.090468,0.0051667,2.3711,0.27494,9.291,0.35487,0.2127,0.0062571,0.18105,3.43E-05,1.8957,0.99152,0.036079,3.0171,0.67518,3.0683,7.66E-05,3.016,0.034304,0.0011774,0.044197,0.085698,0.21192,24.118,6.50E-05,0.0011361,0.0046554,0.00033857,1.3848,0.020999,3.8965,0.079734,0.2118,418.6469322,0.003115017,0.063311566,0.006673939,0.007861364,0.093270461,1.354552192,1.228766914,10.05143889,5.546012846,50.33333333,121.1593252
B1A08,B1,A08,1,1,0,0,0,1,0,0,0,1,39.12,0.039935,0.00075336,0.0008077,0.0215,4.37E-05,0.00016083,0.042494,0.088159,0.85892,5.4807,0.88475,15.428,0.20354,0.0002344,0.79005,0.0069636,0.022233,2.2758,2.9801,0.021257,3.8977,0.83147,5.6353,0.00012252,5.5806,0.038289,0.00086289,0.059929,0.08627,0.20654,30.114,0.00084917,0.00069817,0.0042698,0.00092031,3.3595,0.0043363,5.2598,0.19156,0.18419,526.7183664,0.003477677,0.03258904,0.005522121,0.003771532,0.070473392,4.054423247,1.515158481,12.98639931,5.014872773,73.33333333,112.0939999
B1A11,B1,A11,16,1,0,0,16,0,0,0,1,0,45.87,0.020579,0.0028804,0.00034301,0.0018341,1.02E-04,6.11E-05,0.028434,0.042441,0.32406,13.147,0.48435,38.071,0.0016375,0.0034411,0.74315,0.96862,0.019811,10.152,6.2166,0.10845,16.347,0.66939,5.7958,0.00049992,5.7768,0.017567,3.58E-05,0.030282,0.041988,0.25033,29.433,2.99E-05,0.0031876,0.00014894,4.92E-05,7.2549,0.048404,7.833,1.0673,0.23002,514.2350226,0.022777239,0.052834781,0.00666,0.003433939,0.300094644,8.568543202,1.232356343,54.46036255,5.792986791,17.66666667,143.5750899
B1A12,B1,A12,8,1,0,0,0,8,0,0,0,1,50.56,0.061817,0.006629,0.0011859,0.0093479,0.00043841,9.91E-05,0.13298,0.15869,0.014993,17.207,0.0673,35.183,0.23552,0.036565,0.22603,0.23684,0.016114,15.687,6.8842,0.0058166,5.4416,0.36574,7.1565,0.0106,7.0947,0.053101,0.0064055,0.13752,0.15637,0.13146,27.404,0.0016483,0.0014094,0.0053465,0.0010392,10.338,0.0099247,12.308,0.38533,0.10474,477.795908,0.054397508,0.12371266,0.024654444,0.009758081,0.017974501,9.386085474,0.674899371,17.7784036,4.565244514,63.33333333,110.2138972
B1A13,B1,A13,4,1,0,0,0,4,0,0,0,1,42.853,0.051337,0.00057688,7.45E-05,0.0088842,1.25E-05,0.00046299,0.087225,0.067838,0.00054121,0.93468,0.030704,58.343,0.035664,0.00051046,0.012095,0.10444,0.031319,10.784,0.9273,0.029607,33.319,0.13803,13.424,7.26E-05,13.365,0.050166,0.00064649,0.095998,0.067106,0.17421,18.577,0.00058095,4.94E-06,0.00058739,0.0001952,0.0079225,4.54E-05,24.077,0.045991,0.14282,319.6574412,0.00351798,0.027095455,0.001783013,0.000608333,0.058609389,1.260177888,0.257928509,87.23885427,4.274873482,57.66666667,90.33914725
B1A14,B1,A14,8,4,2,2,2,2,1,1,1,1,56.751,0.014622,0.0040862,0.00063066,0.0002019,6.65E-06,6.79E-06,0.0056379,0.1106,9.11E-05,3.7831,0.038143,35.67,0.011974,0.0003573,0.00068573,6.1675,0.022313,19.412,1.7141,0.029597,16.254,0.30023,4.1838,0.13497,4.1841,0.00014941,0.0018588,0.0051245,0.10885,0.19197,33.09,0.01038,0.002858,0.00072868,0.0011133,2.069,0.0080972,15.632,5.9026,0.034686,580.6305703,0.020065185,0.092029781,0.000578333,0.004167273,0.062871229,2.352529942,0.547688241,45.89230305,4.53064944,45,107.2104949
B1A15,B1,A15,1,1,0,0,1,0,0,0,1,0,20.962,0.0085083,0.0046567,0.00011753,0.00035072,5.55E-05,2.69E-06,0.094557,0.061817,0.078319,3.9248,0.1147,7.4433,0.0018301,0.0018771,0.036059,0.02945,0.0015875,0.0005506,1.2602,0.009736,1.9161,0.032869,4.3852,0.00021588,4.4526,0.0024825,0.0023998,0.022491,0.061566,0.13219,16.384,0.0013136,0.0023744,0.072474,0.000131,2.7428,0.024768,1.5663,0.037935,0.13039,280.5612757,0.021808889,0.070525387,0.002734697,0.000603182,0.031376898,1.703967462,0.059681092,6.36186637,5.054662025,52.33333333,122.4486801
B1A16,B1,A16,2,2,1,1,0,0,1,1,0,0,50.658,0.055727,0.0052724,0.0013424,0.00082095,1.99E-05,1.51E-07,0.0061191,0.09972,0.042961,17.821,0.10735,43.575,0.13945,0.0019663,0.85406,0.75992,0.032586,14.963,9.8911,0.042922,12.35,1.089,6.3332,0.00013404,6.2835,0.050376,1.29E-05,0.0068573,0.098237,0.33457,29.108,5.87E-05,0.0066019,1.03E-04,1.41E-04,7.9727,0.0195,12.55,0.69901,0.30185,508.5481941,0.019885303,0.08132037,0.000909091,0.005040758,0.143027274,13.59128286,1.973405966,40.93734109,6.071072798,34.33333333,127.8032446
B1A17,B1,A17,2,2,1,0,1,0,1,0,1,0,52.614,0.014998,0.004752,0.00090829,0.0012061,0.00011936,2.95E-05,0.03203,0.072956,0.096078,1.6535,0.47965,34.508,0.12261,0.043403,0.13187,0.13767,0.038254,13.639,1.1405,0.29483,14.652,0.22269,4.9452,0.00067453,4.935,0.010045,4.83E-06,0.033214,0.071952,0.24946,33.421,8.19E-05,0.0056554,0.00017103,6.63E-05,0.60911,0.045342,18.071,0.25111,0.21054,586.6606616,0.014593973,0.04849771,0.00357,0.002620455,0.613591797,1.56955144,0.402393628,40.30844652,5.262948066,28,119.2105149
B1A18,B1,A18,1,1,0,1,0,0,0,1,0,0,43.914,0.027371,0.00075148,0.00027823,0.0031087,2.95E-05,1.15E-05,0.03844,0.12175,0.26818,3.4521,0.58879,38.425,0.096278,0.050571,0.18517,0.15259,0.027931,15.119,0.78659,0.041106,16.613,0.15379,5.9785,0.021867,5.9725,0.024864,0.00047793,0.021247,0.11963,0.13604,22.107,0.0017257,0.00055178,0.020343,0.0018287,2.9337,0.22893,18.175,0.35875,0.086238,382.6161906,0.01767995,0.052361818,0.006013788,0.00640303,0.083987655,1.067681386,0.275032418,44.26412416,4.954581779,49.66666667,122.1083175
B1A19,B1,A19,4,3,2,1,1,0,1,1,1,0,85.063,0.012577,0.00054703,1.26E-03,0.0044371,3.36E-05,5.03E-05,0.024059,0.10087,0.2701,0.23562,0.27368,115.55,6.8864,0.00018877,14.408,14.127,0.073681,29.603,0.5056,0.0031845,68.332,19.502,12.058,0.00054785,12.064,0.010943,0.00057186,0.010841,0.096123,0.33088,36.219,0.0010531,0.0012399,0.017739,0.003433,0.00012114,0.00020563,32.571,15.993,0.25665,637.4643823,0.005317306,0.075065926,0.007708939,0.007749697,0.005992073,0.699111996,38.46430763,183.8361836,5.801123663,24.33333333,128.9425262
B1A20,B1,A20,16,3,0,6,5,5,0,1,1,1,67.661,0.070653,0.0033123,0.0028506,0.018939,0.00075235,0.00058395,0.043416,0.14018,0.29319,8.4598,0.63746,35.939,0.012402,0.0040251,0.16034,10.401,0.0018462,16.447,1.2801,0.034179,17.945,0.30229,10.334,0.23979,10.253,0.06571,0.0058112,0.057305,0.13503,0.24176,40.221,0.00087804,0.00035166,0.0063862,0.0017102,7.4729,0.30606,9.3738,10.278,0.00012402,710.499421,0.016755253,0.019690152,0.013528788,0.014373182,0.070987458,1.732451814,0.549082047,49.04911809,5.910111455,64,139.4389739
B1A21,B1,A21,4,2,2,0,2,0,1,0,1,0,32.736,0.040126,0.0015832,0.00013157,0.0048025,4.07E-05,5.85E-08,0.025131,0.020507,0.00018543,1.243,0.11343,7.0271,0.00090403,2.52E-04,0.60848,0.097696,0.00081334,3.0049,1.2432,0.0045396,2.3888,0.64682,0.045919,0.0020517,0.001418,0.038422,1.69E-03,0.029772,0.02026,0.2114,29.57,7.95E-05,2.93E-05,0.00020234,0.00011569,3.33E-05,0.10845,2.7868,0.061319,0.20853,516.9090283,0.012328434,0.063545926,0.004461364,0.001052727,0.013712164,1.698159866,1.211111202,7.95874436,5.895804659,13.33333333,142.0877258
B1A22,B1,A22,60,4,16,12,20,12,1,1,1,1,31.535,0.068794,0.0020418,0.001554,0.021839,4.02E-04,3.46E-04,0.046218,0.11362,0.028348,2.5963,0.04541,16.103,0.0012646,0.00026193,0.059509,1.229,0.072492,4.3996,1.4287,0.015079,3.5537,0.48925,7.7239,0.0054999,7.6456,0.066288,0.0024561,0.057802,0.11154,0.28362,19.352,6.26E-05,0.0011398,0.011001,0.00018005,1.1959,0.0017206,9.8936,0.87324,0.20563,333.3991098,0.013437879,0.021337626,0.012738788,0.010487727,0.040435045,1.92440009,0.893328837,11.56081647,5.607682241,45.33333333,130.2904326
B2A01,B2,A01,4,4,1,1,1,1,1,1,1,1,62.335,0.046029,0.0011682,0.00066506,0.011062,0.00011317,0.00014473,0.11513,0.29325,0.0071688,4.2183,0.26366,29.288,2.1723,0.22964,2.5515,13.731,0.056651,15.944,1.6011,0.020731,12.03,0.341,13.328,0.00080448,13.275,0.04303,0.001471,0.12523,0.29173,0.24702,30.623,0.0017183,0.00036226,0.0012159,0.00070463,2.6244,0.0061277,10.488,18.4,0.18956,535.9024087,0.009816481,0.023303148,0.007042424,0.006014798,0.043933879,2.177732656,0.62612124,34.92395048,4.598027188,105,128.2550496
B2A02,B2,A02,2,1,2,0,0,0,1,0,0,0,62.366,0.042323,0.00453,0.0015448,0.00699,0.00024768,0.00012158,0.018554,0.03806,1.3236,1.9646,3.3715,23.617,0.018173,0.014268,0.3434,0.82847,0.018391,5.6714,1.091,1.6526,9.1638,0.86467,6.2557,0.043122,6.2203,0.037394,0.0034338,0.015649,0.035527,0.29656,47.035,0.00015047,0.002641,0.010264,0.00086659,2.1972,0.38106,12.145,0.35803,0.23505,835.311766,0.019375168,0.059044108,0.009444545,0.006569242,3.565570198,1.50037221,1.607697277,26.37556884,5.205646276,26,120.9661205
B2A03,B2,A03,60,4,16,12,20,12,1,1,1,1,101.92,0.083305,0.0021534,0.00068982,0.018327,0.00039937,0.00028756,0.13834,0.19554,0.19828,0.1112,0.22886,58.869,0.15317,0.00064814,0.24478,0.50367,0.062523,15.27,0.30929,0.029754,33.596,0.52502,9.8458,0.0081903,9.8499,0.079323,0.0024632,0.055591,0.19237,0.2122,76.316,0.0014298,0.00038,0.10176,0.0021921,0.00019677,0.00017172,24.916,0.43977,0.14149,1377.820987,0.024669343,0.029543485,0.016174545,0.007465875,0.057918463,0.42272034,0.945941044,86.42970848,4.409327013,74.33333333,127.2587241
B2A04,B2,A04,1,1,0,0,1,0,0,0,1,0,31.694,0.011797,0.000951,0.00043624,0.0028043,4.90E-05,2.83E-05,0.017334,0.033627,0.038996,1.7648,0.067462,13.253,0.0036865,0.0024511,0.40592,0.1042,0.003593,3.7903,1.047,0.0032274,4.4688,0.24941,3.8974,0.00047641,3.8851,0.010648,0.0011556,0.018566,0.032915,0.09937,23.933,0.00014856,0.00023168,0.0016495,0.00024649,0.75683,0.022787,6.6135,0.27044,0.095301,415.3465283,0.010480606,0.048639293,0.007563636,0.004858939,0.007507737,1.423178674,0.456836592,14.26474407,2.310407002,38,109.7057336
B2A05,B2,A05,1,1,1,0,0,0,1,0,0,0,39.996,0.020278,0.00061788,0.00030592,0.0030812,1.07E-05,3.61E-05,0.02126,0.065567,0.00025644,3.1286,0.0060375,31.504,0.17592,0.0032161,0.11192,0.072206,0.0011137,9.647,1.2357,0.0022514,17.412,0.27988,3.1571,6.53E-05,3.135,0.019393,5.46E-05,0.024282,0.065183,0.15772,27.009,0.00025676,0.00086914,0.00010602,4.16E-05,1.8932,0.00031362,10.851,0.084504,0.15654,470.666876,0.005756751,0.067412508,0.002878788,0.002487727,0.004691278,1.681100539,0.507621588,47.60210737,4.07882212,32,128.1036123
B2A06,B2,A06,4,2,0,2,0,2,0,1,0,1,29.986,0.091701,0.0035981,0.0019335,0.024083,0.0002601,0.00040167,0.03767,0.070977,0.0487,1.2446,0.074344,18.983,0.16347,0.0011847,0.53583,0.85688,0.0090683,5.1028,1.2665,0.019965,7.4105,0.65308,5.5701,0.001486,5.4606,0.08774,0.001933,0.061091,0.067445,0.18423,19.069,0.00010221,0.0035986,0.0013242,0.0011968,0.026737,0.0044939,9.7925,0.91335,0.17368,328.3730978,0.027465875,0.107860421,0.022412576,0.014354545,0.044008057,1.730895845,1.191394066,22.78566685,5.507250428,45.66666667,146.5149925
B2A08,B2,A08,2,2,0,0,1,1,0,0,1,1,43.305,0.03029,0.0030706,0.00087227,0.00038928,1.58E-05,7.21E-06,0.0057721,0.1336,0.23322,0.005448,0.32078,10.348,0.094382,0.00126,0.25428,0.44096,0.012486,4.1626,0.14075,0.01484,5.7931,0.76725,0.14729,0.00083829,0.1233,0.023862,0.0038295,0.0032471,0.13243,0.23816,38.573,0.0033413,0.00011337,0.0029372,0.00029602,0.097917,0.071467,4.2947,0.036126,0.22484,680.405274,0.019512508,0.048927121,0.000744394,0.005526667,0.030438914,0.193517147,1.400330565,15.8630174,6.074359934,36.66666667,141.2595711
B2A09,B2,A09,4,1,0,4,0,0,0,1,0,0,56.839,0.080979,0.0011511,0.0014291,0.027629,6.59E-05,6.30E-05,0.021998,0.24493,0.042353,5.5106,6.7695,44.014,0.0073823,0.0036273,0.019358,0.83804,0.061321,9.1144,1.5323,5.8751,20.505,0.58346,7.3102,0.12711,7.2096,0.078299,1.34E-05,0.046617,0.24259,0.19613,33.63,0.0014626,0.0025668,0.0031392,0.00084674,4.0207,0.84847,17.978,0.34627,0.0076948,590.4251826,0.006684377,0.045260875,0.006979697,0.009959091,12.12041211,2.078640343,1.062665213,55.74361596,5.188760483,107.3333333,142.8902937
B2A10,B2,A10,16,2,8,8,0,0,1,1,0,0,79.692,0.02612,0.0034414,0.00068427,0.007847,0.00045104,5.93E-05,0.16031,0.12149,0.29018,1.521,2.1638,29.802,0.30736,0.041589,0.47756,0.53248,0.015263,11.516,1.7845,1.4405,12.883,0.65215,2.2542,0.0037467,2.223,0.021168,0.0028791,0.16834,0.12066,0.19982,63.448,0.0010596,0.0012466,0.00032114,8.45E-05,0.02672,0.39144,14.921,0.72211,0.18081,1138.099819,0.021338603,0.043654848,0.017637121,0.004507727,3.304331678,2.428807806,1.19630734,37.59926205,4.450354844,86.66666667,139.0927867
B2A12,B2,A12,8,1,0,0,8,0,0,0,1,0,69.056,0.036677,0.0036901,0.00082395,0.00037022,4.23E-05,2.09E-05,0.0037137,0.092327,2.9636,0.16212,3.9877,80.405,0.00018465,0.39881,1.6856,0.066872,0.10838,23.302,2.9735,0.041453,40.955,0.56793,12.85,0.0035442,12.825,0.032857,0.0043714,0.0021586,0.081811,0.22185,28.904,8.72E-05,0.00014264,0.0019885,0.009671,0.15219,0.58388,37.603,1.6919,0.10993,504.8431466,0.018901768,0.020154848,0.00067303,0.004239697,0.087370841,4.046873952,1.035379499,112.0289779,4.394283105,27.33333333,129.6423638
B2A13,B2,A13,1,1,0,1,0,0,0,1,0,0,17.935,0.036091,0.0015151,0.0009845,0.0011338,1.10E-05,1.99E-05,0.0034606,0.073537,0.0012956,0.28591,0.020388,2.5624,0.0010474,0.00095107,0.25242,0.27059,0.0006031,0.30123,0.09907,0.016687,1.8841,0.23557,0.49448,0.00025283,0.45975,0.033932,0.0011159,0.0043999,0.07228,0.19692,17.116,0.00063269,0.0013837,0.00022538,0.00025204,0.18813,0.0014543,0.14003,0.29004,0.19607,293.6653189,0.008174327,0.035388485,0.000765758,0.005339394,0.034358334,0.134755272,0.420247846,5.248271236,4.329502396,23.33333333,124.3623752
B2A14,B2,A14,8,4,2,2,2,2,1,1,1,1,48.52,0.026705,0.0062983,0.0014716,0.0039,0.00058496,5.70E-05,0.14573,0.23781,0.0033132,1.6224,0.019163,26.565,0.30859,0.0032749,0.54088,0.30672,0.0078434,10.454,1.1162,0.0092655,11.37,0.48748,3.6511,0.00097506,3.6917,0.01966,0.0060803,0.083332,0.23389,0.217,34.016,0.000161,0.0016896,0.06694,0.0023898,0.50951,0.0033096,13.032,0.67983,0.20818,597.3942309,0.029955067,0.047829478,0.013411818,0.007192003,0.019391148,1.517698476,0.891541721,32.17665668,4.589965986,80,139.1108106
B2A15,B2,A15,1,1,0,0,0,1,0,0,0,1,28.567,0.038893,0.002809,0.00054249,0.0096811,0.00021811,0.00016601,0.048979,0.044411,0.19073,8.6868,0.22781,21.525,0.16972,0.0016668,0.35197,0.35422,0.0067262,5.157,4.5952,0.035311,5.2961,0.42458,6.6178,0.0058618,6.5733,0.034516,0.0019398,0.057982,0.043496,0.2528,16.391,0.0013494,0.0014117,0.0010617,0.00020664,4.2823,0.00010146,7.1901,0.45973,0.24022,280.7566358,0.015469781,0.04530899,0.011279242,0.003202576,0.083114557,6.249367317,0.775445307,17.59563562,5.067650272,51.66666667,131.7468382
B2A16,B2,A16,4,3,0,2,1,1,0,1,1,1,50.504,0.10279,0.0031247,0.00090911,0.00097359,1.01E-05,5.59E-06,0.00017745,0.27992,0.10383,1.7937,0.1999,6.6404,0.0053315,0.002376,0.0067522,0.48943,0.0047624,3.1124,0.53841,0.062413,0.71255,0.38591,2.5047,0.024503,2.4195,0.088661,0.0037665,0.00051286,0.27231,0.21104,44.663,0.010998,0.00026727,0.00065391,0.0066985,1.3591,0.031286,4.1274,0.12274,0.18177,791.7685493,0.012605404,0.038087205,0.000351364,0.003531599,0.174758476,0.737363662,0.703530318,2.3569742,5.409539332,121.3333333,144.270123
B2A17,B2,A17,8,2,0,4,0,4,0,1,0,1,46.042,0.070021,0.0059739,0.001395,0.010746,0.0014259,0.000329,0.09286,0.14256,0.068277,9.2022,0.19092,25.046,0.10815,0.034248,0.021872,0.11136,9.48E-05,9.2121,4.2541,0.077476,8.154,0.18528,3.4441,0.00027713,3.3659,0.062429,0.0061552,0.10478,0.1402,0.1696,33.084,0.00019234,0.0012138,0.00058158,0.0006277,5.0163,0.010918,7.6683,0.090451,0.16923,580.555998,0.029918519,0.018728182,0.013329848,0.006925,0.21467897,5.794574519,0.335201176,26.81603501,4.74686351,86.66666667,137.1335031
B2A18,B2,A18,16,4,4,4,4,4,1,1,1,1,53.517,0.0089843,0.0029955,0.0010463,0.00023197,7.80E-05,2.53E-06,0.010728,0.21155,0.0041221,9.8552,0.03073,22.859,0.021537,0.0040955,0.0021073,5.933,0.037237,8.6009,2.6279,0.018014,7.5673,0.87009,9.3079,0.0070197,9.3156,0.0038719,0.0040385,0.0012508,0.20543,0.20684,35.539,0.002039,3.38E-06,0.0097894,0.0050794,7.2315,0.0044975,5.4346,5.1279,0.16258,625.2590296,0.02047298,0.014968468,0.001029091,0.004865859,0.046271195,3.556657932,1.584338582,24.01519938,4.469682262,104.3333333,148.1016549
B2A19,B2,A19,2,1,0,2,0,0,0,1,0,0,51.52,0.014357,0.0037727,0.00076731,0.00097529,0.00014285,3.34E-05,0.04649,0.15142,0.096538,0.071333,0.28973,9.3043,0.046676,0.0028883,0.12099,0.11704,0.019876,3.1031,0.15655,0.1289,5.7006,0.17184,0.38502,0.010524,0.41369,0.0097768,0.0042959,0.006323,0.14884,0.23525,47.652,0.00066465,0.0002441,0.041319,0.0017763,0.011324,0.061404,3.4114,0.13562,0.20486,846.6190359,0.020145286,0.032978485,0.003825,0.004098855,0.27366145,0.21414365,0.309682973,15.01064782,5.328102171,59.66666667,121.1616241
B2A20,B2,A20,2,2,0,1,0,1,0,1,0,1,67.262,0.041775,0.0020294,0.00062842,0.0075438,7.28E-05,0.00018694,0.067329,0.10832,0.00093823,0.43823,0.014153,57.112,0.0014394,0.00048905,0.011438,4.1735,0.055383,24.036,0.39482,0.0047662,23.034,0.93565,13.014,0.077948,12.973,0.03969,0.0025879,0.067569,0.10629,0.21156,30.187,3.56E-05,7.10E-05,0.0076154,0.0012188,0.044292,0.0079593,33.628,3.3066,0.078126,528.1017572,0.017195505,0.090254899,0.009146212,0.005032475,0.009355162,0.540833862,1.705894352,60.44900735,6.44998645,84.66666667,142.3812311
B2A21,B2,A21,8,3,0,2,3,3,0,1,1,1,42.264,0.081286,0.0050581,0.00095164,0.020752,0.001273,0.00025675,0.2124,0.15183,0.72706,0.36175,0.94314,9.9446,0.16247,0.18322,0.16455,0.20396,0.040473,2.8974,1.0793,0.012576,2.9691,0.31866,3.127,0.050897,3.1253,0.073524,0.0042245,0.13885,0.14935,0.26737,35.072,0.0014305,0.0017852,0.095834,0.001278,0.0094756,0.020277,6.4492,0.43602,0.176,616.6402527,0.036406768,0.037871768,0.028662273,0.006828468,0.032934883,1.457394645,0.581375777,9.767434931,5.895800207,100.3333333,149.8642741
B2A22,B2,A22,16,3,5,0,5,6,1,0,1,1,65.057,0.079456,0.0037231,0.0025732,0.0082535,0.00024466,0.00018388,0.036041,0.23909,1.1647,2.1939,1.3594,8.583,0.21702,0.11252,0.016358,0.261,0.010167,2.0678,1.7576,0.0079057,1.6839,0.52152,3.0204,0.010488,2.9422,0.074981,0.0059088,0.036505,0.23588,0.22562,58.383,0.00050717,0.00038746,0.0082181,0.00045163,1.601,0.074264,4.6888,0.095545,0.20497,1044.508093,0.020423889,0.03241,0.006394545,0.014138939,0.025089636,2.388481477,0.966165198,5.609750046,5.030367713,73,123.0076557
B3A01,B3,A01,1,1,0,0,1,0,0,0,1,0,32.148,0.011679,0.0005202,7.11E-08,0.0018835,0.00051918,0.00023071,0.12713,0.0034001,0.00060975,0.55624,0.0060898,31.331,0.050221,7.67E-05,0.0091906,0.237,0.038191,8.3484,0.48901,0.0049339,16.518,0.18823,6.1665,0.0066693,6.2412,0.010622,0.00051741,0.04156,0.0031678,0.15368,17.488,1.67E-05,2.86E-06,0.088208,1.50E-06,0.067841,0.00046958,14.248,0.14645,0.10882,300.7640195,0.017907963,0.021226212,0.008779242,0.000314545,0.009647899,0.673294315,0.345760353,43.29965895,5.588211571,19.33333333,133.3239958
B3A02,B3,A02,2,2,1,0,1,0,1,0,1,0,26.063,0.013888,0.0023923,3.53E-05,0.0010938,0.00016733,8.60E-06,0.011512,0.0022003,2.77E-06,1.5642,0.025763,3.2827,0.01244,0.00098242,0.070499,0.231,0.045855,1.0744,0.28107,0.023379,1.0259,0.22165,1.0813,0.0016983,1.0682,0.011059,0.0024249,0.011271,0.0020945,0.19343,23.869,0.00026953,2.66E-06,0.0015103,6.19E-05,1.2831,0.0013992,0.62212,0.13913,0.14587,414.2050726,0.008818384,0.009917879,0.002077121,0.000131431,0.056927303,0.384158955,0.396606558,3.41713831,5.183820172,19.33333333,133.9875046
B3A03,B3,A03,4,3,1,1,0,2,1,1,0,1,46.494,0.0090415,0.001619,0.00066404,0.0017425,7.96E-05,8.34E-05,0.049074,0.11157,4.50E-05,0.96067,0.026863,8.9586,0.96599,0.0035707,0.9065,1.1545,0.080185,6.4387,0.79172,0.023061,1.6676,0.95722,0.3427,0.11235,0.34139,0.00038061,0.0013201,0.04985,0.1104,0.22026,38.71,0.0069624,0.00096288,0.0011298,0.00042546,0.16899,0.00018681,5.4238,2.1535,0.027719,682.785888,0.006653114,0.020810152,0.002945758,0.002284781,0.07197803,1.086183339,1.747770109,5.531497295,6.444720311,64.66666667,131.0263285
B3A04,B3,A04,8,1,8,0,0,0,1,0,0,0,56.053,0.027374,0.00071167,0.0005396,0.016175,9.63E-05,0.00016068,0.018018,0.025465,0.50908,2.1159,1.3047,4.3294,0.00088503,0.00079875,0.033648,0.62567,0.00062394,1.0128,1.3351,0.054439,1.3512,0.59175,0.91071,0.00013372,0.88936,0.026522,0.0011642,0.01302,0.024129,0.30101,52.802,4.37E-05,8.71E-05,0.021429,0.00063504,1.2899,0.7404,0.82864,0.069877,0.30026,941.4251114,0.007496296,0.028923333,0.013576667,0.006509394,0.179589321,1.83252218,1.086612028,4.424723612,5.639272159,15.66666667,143.2927259
B3A05,B3,A05,8,3,3,0,2,3,1,0,1,1,31.534,0.016696,0.00094164,0.00035502,0.036096,0.00049907,0.00024744,0.12568,0.020943,0.028567,3.6977,0.044316,20.75,0.14938,0.0007424,0.3132,0.33329,0.058565,4.577,0.99641,0.008943,13.632,0.39405,1.7772,0.0033465,1.806,0.014772,0.00066084,0.082374,0.020042,0.30545,24.905,0.00048323,0.00063582,0.080147,0.00029823,2.7299,0.0060634,3.1073,0.46112,0.24354,432.8830165,0.015844495,0.064124663,0.100032626,0.005786296,0.018280373,1.343959732,0.712516843,37.51156285,6.884330938,36.66666667,146.3090685
B3A06,B3,A06,1,1,1,0,0,0,1,0,0,0,87.693,0.023626,0.0041255,0.00023147,0.00050779,0.00015812,1.15E-05,0.008313,0.018887,0.20817,32.868,0.27062,52.767,0.30515,0.01358,0.14286,0.059436,0.046758,21.86,2.5626,0.023722,17.275,0.56107,10.642,0.18362,10.626,0.01902,0.0038428,0.0021413,0.018301,0.28274,54.607,0.00032148,0.0005142,0.0068492,0.00034226,30.514,0.025146,2.4799,0.00671,0.052358,974.7379222,0.022573064,0.014183451,0.001627879,0.001180455,0.052542469,3.505133084,1.016435064,51.02339714,5.927387864,11,167.834207
B3A07,B3,A07,8,4,2,2,2,2,1,1,1,1,53.758,0.03817,0.0011082,0.0016535,0.025716,1.72E-06,7.84E-06,0.033537,0.15844,0.004921,7.2933,0.031968,15.238,0.013751,0.013729,0.0010849,0.1841,0.00011757,6.2906,4.8322,0.0087601,3.2775,0.19563,1.0948,5.52E-05,1.0337,0.036852,0.0010997,0.059032,0.15608,0.27769,46.324,0.0002081,0.001662,0.00023005,0.00069653,2.466,0.0045573,4.6658,0.017155,0.27752,822.5656792,0.002833923,0.046665842,0.014019394,0.015542508,0.02426824,6.574089414,0.347151979,10.79919423,7.294617565,53.33333333,157.73167
B3A08,B3,A08,2,1,2,0,0,0,1,0,0,0,48.022,0.0070457,0.0033448,0.00090351,0.0041221,0.00047761,5.23E-05,0.1242,0.057269,0.013404,7.5584,0.07373,53.113,0.31727,0.031866,0.2423,0.28076,0.042439,15.808,3.2609,0.010161,25.351,0.38031,8.7083,0.054747,8.7398,0.0028,0.0029219,0.087968,0.056309,0.17971,23.072,0.00042331,0.0013265,0.040888,4.10E-06,4.3108,0.018299,19.961,0.53432,0.082522,399.8742096,0.009949125,0.040502273,0.017741667,0.002727273,0.021818346,4.41850232,0.692948,73.02596568,5.789065545,48,144.025733
B3A09,B3,A09,16,1,16,0,0,0,1,0,0,0,80.921,0.021313,0.0048291,0.00072847,0.0039847,0.00052593,6.20E-06,0.04677,0.065988,0.0010948,0.82184,0.0081955,24.166,0.10424,1.27E-05,0.019898,0.028244,0.20565,13.053,0.81853,0.0060045,6.8016,0.34356,3.5566,0.029187,3.5424,0.011364,0.0047466,0.04685,0.063964,0.41351,64.188,0.0045942,0.00081096,0.0044377,0.0012901,0.0044053,0.0010834,16.523,0.014494,0.17867,1152.118694,0.017129192,0.016998838,0.007285909,0.002846481,0.012708412,1.110721383,0.619611804,19.73176233,6.669873777,45,167.9582903
B3A11,B3,A11,4,2,2,2,0,0,1,1,0,0,91.328,0.014458,0.0033678,0.00094176,0.0076102,0.0011903,0.00035756,0.058324,0.032009,0.26786,3.5967,0.32041,28.029,0.23205,0.044685,0.18945,0.14515,0.086114,19.33,2.0945,0.0076321,1.5023,0.32096,5.1322,0.0021391,5.135,0.0092307,0.0027931,0.044843,0.030592,0.2156,66.289,0.00066927,0.0015165,0.022639,0.00011824,1.7701,0.00023238,22.741,0.37648,0.12735,1191.077385,0.030691987,0.045002155,0.048153485,0.008737121,0.022337219,2.848616964,0.613910691,4.899222849,6.05993237,41.66666667,154.2343322
B3A12,B3,A12,1,1,0,0,0,1,0,0,0,1,24.434,0.051705,0.001172,0.00085761,0.023386,0.0003149,0.0040563,0.01682,0.0053194,0.06323,2.1244,0.077868,16.755,0.19767,0.00040533,0.30781,0.31453,0.12266,3.8662,2.1833,0.012164,6.2173,0.41237,4.6872,0.0002519,4.6142,0.049647,0.0020287,0.043398,6.92E-05,0.30934,15.603,0.00057066,1.00E-06,0.0011792,0.00033637,0.0043469,0.0020686,8.1054,0.5307,0.18643,266.8350388,0.011710842,0.039217121,0.015508182,0.003532694,0.030759297,2.958270773,0.732849517,20.58040449,6.90274662,43.33333333,183.5255165
B3A13,B3,A13,4,1,4,0,0,0,1,0,0,0,90.988,0.027843,0.0049776,0.00056753,0.0072863,0.0011737,8.56E-05,0.031543,0.013546,0.51258,0.27868,0.55906,60.628,0.20564,0.013213,0.46602,0.3563,0.017917,27.669,0.78856,0.01893,24.71,0.89055,7.1946,0.0033273,7.1617,0.02121,0.004536,0.039531,0.012665,0.29004,55.358,0.00048163,0.0010091,0.00055826,0.00022741,0.0027012,0.014339,35.173,0.16854,0.2688,988.5859531,0.021586768,0.024214377,0.017240152,0.002446212,0.038264467,1.070616531,1.637587813,65.78509631,5.725195111,16.33333333,144.0378121
B3A14,B3,A14,60,4,16,12,20,12,1,1,1,1,69.078,0.085323,0.0027072,0.0024709,0.023561,0.001219,0.00014826,0.048384,0.14657,0.23873,12.611,0.34029,17.327,0.22445,0.025487,0.37088,0.33309,0.020289,5.8763,5.8926,0.040214,2.1376,0.47085,3.5046,0.018651,3.4094,0.078948,0.004355,0.064813,0.14207,0.28049,59.119,0.0024487,0.00082306,0.0084988,0.0018841,6.9575,0.035861,2.2075,0.50334,0.24155,1058.222551,0.023120303,0.01474803,0.019505152,0.020675875,0.0874186,7.991404658,0.859282258,7.05187816,6.663929011,53.33333333,142.0541529
B3A16,B3,A16,16,2,0,8,0,8,0,1,0,1,34.006,0.073581,0.011845,0.0037378,0.019263,0.0032959,0.001012,0.060719,0.073783,0.077474,2.1435,0.7756,11.71,0.13308,0.018039,0.16211,0.15873,0.075373,2.6457,1.9936,0.00093955,3.761,0.25306,3.4834,0.0020517,3.4235,0.057252,0.013644,0.055151,0.0684,0.27139,26.935,0.0011875,0.0019391,0.029138,0.00063323,0.22741,0.67914,5.643,0.29426,0.19396,469.3382404,0.048955286,0.046251953,0.038599394,0.015469781,0.002768199,2.703704232,0.459235555,12.33809048,7.681043704,29.33333333,140.8479537
B3A17,B3,A17,1,1,0,1,0,0,0,1,0,0,33.599,0.24517,0.002335,0.00030646,0.012809,2.77E-07,0.009288,0.092026,0.038841,0.15263,0.50873,3.9999,9.6859,0.024927,0.024718,0.026508,0.047419,0.20638,0.010485,0.65981,1.6235,3.2193,0.30784,4.1193,0.0038967,4.1133,0.0013824,0.00018922,0.1085,0.026779,0.21077,25.193,0.24145,0.0024523,0.0056236,0.0024678,0.0015582,2.199,5.9314,0.02211,0.00049332,407.6244541,0.006042997,0.036224545,0.009641515,0.000629091,3.593815125,0.891504271,0.555360096,9.623675445,7.242253262,114.6666667,150.0278117
B3A19,B3,A19,2,2,1,1,0,0,1,1,0,0,54.522,0.016891,0.00096197,0.00091482,0.0030601,2.66E-05,3.60E-05,0.010521,0.053877,0.15249,3.0492,0.91004,57.464,0.28305,0.0011492,0.0072522,0.19749,0.11725,17.419,0.65199,0.026067,33.235,0.59089,5.9697,0.039818,5.9616,0.014872,0.00095535,0.0047487,0.051976,0.2718,29.928,0.00103,0.00092143,0.0088952,0.00095067,2.5497,0.73033,21.172,0.015311,0.11473,523.3676426,0.006321633,0.042455202,0.003593636,0.005703333,0.053017497,0.891823161,1.075201058,86.53289477,6.096333101,31.33333333,147.895918
B3A20,B3,A20,8,2,0,0,4,4,0,0,1,1,101.39,0.1068,0.0021018,0.0028804,0.016304,4.99E-05,0.00041002,0.013721,0.12426,0.038436,9.1435,0.2099,57.854,27.966,0.038849,2.5992,0.086166,0.13478,12.15,0.72113,0.094849,37.771,0.2151,7.2297,4.05E-05,7.1794,0.046806,0.003112,0.021026,0.11735,0.24091,53.766,0.057844,0.0018703,0.0094588,0.0036214,8.4609,0.037766,8.341,30.61,0.1061,959.2233205,0.007420623,0.047321313,0.003304394,0.010096145,0.182987876,0.97924244,0.39176148,98.01414176,7.019675785,40.33333333,137.1596556
B3A21,B3,A21,2,1,0,0,0,2,0,0,0,1,23.385,0.057633,0.0011251,6.58E-05,0.055341,0.00053215,0.00032626,0.079473,0.0049874,0.20213,1.7439,0.82193,4.3128,0.0012222,0.0019449,0.054321,0.10197,0.00063424,0.61132,1.0822,0.011477,1.076,0.12538,1.6377,0.028461,1.5775,0.055728,0.00066004,0.084191,0.0040172,0.15776,20.26,0.00024836,0.00053095,0.051482,0.00057813,0.86388,0.60638,1.4385,0.034718,0.12867,349.5576639,0.010671919,0.02148729,0.030773485,0.000631212,0.030469206,1.472483007,0.227358156,3.34812578,6.017257434,30.66666667,157.477177
B3A22,B3,A22,16,4,4,4,4,4,1,1,1,1,72.691,0.040854,0.0050916,0.00047802,0.022555,0.0034252,0.00047916,0.079277,0.01295,0.02692,2.0922,0.13829,8.98,0.24099,0.025084,0.19475,0.20813,0.067005,4.4603,0.65068,0.058659,3.6708,0.34426,0.19287,0.0075681,0.15098,0.031187,0.0036301,0.087549,0.011755,0.19704,67.637,0.0011503,0.0019395,0.018187,0.00023789,1.4684,0.027628,3.0222,0.3917,0.12247,1216.156924,0.036462862,0.030291566,0.060628939,0.003444141,0.139108012,0.880303849,0.62650125,11.37934979,6.153958702,57,162.1709811
B3A23,B3,A23,4,4,1,1,1,1,1,1,1,1,45.931,0.079348,0.001644,0.00060832,0.036809,0.00011698,5.29E-05,0.089132,0.07231,0.098534,3.9765,0.48324,11.114,0.36647,0.076455,0.33896,0.34374,0.09143,2.4642,1.6718,0.2128,3.3014,0.58418,3.4351,0.00030423,3.3408,0.077009,0.00017792,0.10775,0.070734,0.21173,39.16,0.00057763,0.0020744,0.018357,0.00091524,2.4032,0.095447,3.4974,0.63287,0.11999,691.0750151,0.011754747,0.075743535,0.016312273,0.004387778,0.632562734,2.256868573,1.064256308,10.42378493,7.521282259,67.66666667,152.4702282
B3A24,B3,A24,16,3,6,5,0,5,1,1,0,1,77.058,0.026402,0.0062854,0.00099194,0.024568,0.0026211,0.0049539,0.1261,0.031955,0.12399,7.8081,0.35,45.578,0.24623,0.10497,0.39604,0.35721,0.11037,22.667,1.426,0.01606,13.285,0.53038,8.2047,0.029023,8.2248,0.017043,0.0037001,0.091223,0.025943,0.22325,45.519,0.00045267,0.0035773,0.067016,6.59E-05,6.5061,0.10498,24.089,0.68444,0.08386,807.6907517,0.028589933,0.042846077,0.070063333,0.007962172,0.03427727,1.965438081,0.964517423,38.0246247,6.112994519,36,160.6076331
B4A01,B4,A01,60,4,16,12,20,12,1,1,1,1,69.759,0.16801,0.0010134,0.0010001,0.068649,0.00012311,0.00028937,0.055334,0.12885,0.0028496,3.1606,0.030865,4.5942,0.012895,0.0031932,0.41754,0.044371,0.0067624,0.44264,1.0865,0.019564,0.57352,0.48445,2.0862,0.15841,1.9721,0.16494,0.00086279,0.0064081,0.12604,0.21278,67.064,0.0019326,0.0011507,0.11799,0.0015203,2.0769,0.0052575,0.44252,0.00031241,0.047599,1205.362061,0.011419377,0.03978096,0.014052273,0.010775606,0.049489656,1.478393742,0.883832831,1.866966691,5.979439152,52.66666667,174.5523465
B4A02,B4,A02,16,3,5,5,6,0,1,1,1,0,57.674,0.027153,0.001138,0.0021007,0.013608,0.00015188,0.00029113,0.033545,0.12654,0.037626,0.17974,0.28946,0.97082,0.04423,0.14548,0.093752,0.094024,0.04116,0.15508,0.079381,0.013067,0.048675,0.26692,0.65521,0.0782,0.64136,0.024441,0.0018173,0.024629,0.12304,0.23133,56.503,0.0014215,0.0014214,0.022966,0.0011026,0.13798,0.09328,0.64866,0.15173,0.11197,1009.726876,0.005130455,0.019044714,0.007665455,0.009556061,0.04008076,0.108659114,0.485983523,0.146977125,5.364232809,60.66666667,133.4726808
B4A04,B4,A04,4,4,1,1,1,1,1,1,1,1,59.173,0.013473,0.0021946,0.0034578,0.0047456,0.00031176,0.00055588,0.0059318,0.026868,0.0010258,7.471,0.073897,11.916,0.50866,0.0281,0.5592,1.7577,0.083064,7.9826,2.5731,0.037789,0.5935,0.71174,1.9419,0.075442,1.9265,0.010664,0.0039086,0.011083,0.022556,0.24227,48.663,0.00030274,0.0017438,0.00046224,0.00029853,4.899,0.0069818,3.2924,2.225,0.08376,865.2319748,0.009425118,0.023530455,0.010056515,0.015010152,0.112540721,3.497483193,1.292631648,1.94916368,5.77728312,17.33333333,124.5338474
B4A06,B4,A06,8,1,0,8,0,0,0,1,0,0,98.721,0.036023,0.0013555,0.0002342,0.0059327,0.00020394,5.92E-05,0.0349,0.036841,0.046051,0.12364,0.079734,49.068,0.11071,0.0070536,0.08618,0.15775,0.046961,15.641,0.16344,0.023633,31.348,0.36274,1.8207,0.0036073,1.7847,0.034054,0.00099058,0.036491,0.036194,0.137,81.062,0.00040952,0.00059912,0.0046044,0.00035352,0.0062513,0.0029955,17.511,0.045916,0.086431,1466.613687,0.010903704,0.011902121,0.005429091,0.001887273,0.047299101,0.223866019,0.663428801,80.2287956,4.763838865,26,120.5195826
B4A07,B4,A07,4,2,0,0,2,2,0,0,1,1,27.151,0.021445,0.0007558,0.0033728,0.02844,0.00011584,0.00062438,0.024427,0.082869,0.6389,4.2057,0.70004,11.392,0.12439,0.018985,0.017017,0.27864,0.012065,2.5052,2.3675,0.0064336,2.7922,0.33972,3.8497,0.019896,3.8279,0.019441,0.0026276,0.029369,0.077642,0.21018,19.944,0.0011323,0.001501,0.024239,0.0012292,2.4771,0.035716,4.3769,0.11137,0.17822,343.9766633,0.004684747,0.04066399,0.019108182,0.021404697,0.020081507,3.216682593,0.621262824,9.18778059,5.367663635,94.66666667,134.1674411
B4A08,B4,A08,8,2,4,4,0,0,1,1,0,0,91.233,0.01327,0.0011993,0.00086548,0.0038119,0.00017674,5.01E-05,0.027363,0.065617,0.00048595,2.1668,0.1464,38.574,0.00037684,0.0030426,13.244,31.132,0.14306,37.274,0.87316,0.13165,11.135,19.355,1.2531,8.56E-05,1.2383,0.01116,0.0012656,0.030891,0.064447,0.17803,52.694,0.0007343,0.00079923,0.00051104,0.0002548,1.2942,0.011223,12.028,25.168,0.034884,939.4139721,0.009113131,0.018308838,0.007957727,0.006483485,0.324532867,1.184324456,38.18554747,37.06981004,4.640316338,36.33333333,134.2011858
B4A09,B4,A09,1,1,0,0,0,1,0,0,0,1,37.08,0.00048571,4.31E-06,0.00034505,0.010631,3.32E-05,0.0011016,0.022467,0.29621,0.23816,1.4327,0.28429,39.349,0.065216,0.029469,0.11199,0.17906,0.038567,0.018807,1.1336,0.0077084,17.923,0.38227,20.138,0.053612,20.128,7.81E-05,8.51E-05,0.033977,0.2947,0.12881,16.573,0.00037011,0.00026431,0.00025481,6.15E-05,0.53728,0.0089531,19.881,0.042034,0.036635,286.3544848,0.006011313,0.041259091,0.001770455,0.015495724,0.016208201,1.531635176,0.703763183,48.69717208,4.828350142,148,124.9144129
B4A10,B4,A10,8,3,2,3,3,0,1,1,1,0,144.84,0.008049,0.0010808,0.00013449,0.00013663,6.79E-05,2.86E-07,0.0077832,0.13138,0.0034325,25.174,0.02009,227.44,0.0036867,0.00056123,1.4521,0.016719,0.17743,57.479,0.81511,0.012141,158.95,0.81202,9.5622,0.0016764,9.5664,0.0064899,4.74E-05,0.00077212,0.12764,0.18023,77.764,0.00041034,0.0011679,0.0072159,0.0036012,24.363,0.0039551,41.859,0.83845,0.0011224,1404.979006,0.021692155,0.01954899,0.000887273,0.0050483,0.023468328,1.121583038,1.481188655,405.5871719,5.04197935,43.66666667,115.2747305
B4A11,B4,A11,4,3,1,0,2,1,1,0,1,1,36.474,0.0098339,0.00063418,0.0019001,0.012218,0.00014492,0.00043008,0.058261,0.14359,0.008247,2.5685,0.037591,13.003,0.23526,0.010085,0.26966,0.69872,0.083479,5.1421,1.1296,0.008895,3.202,0.53508,3.847,0.0049815,3.8658,0.0070242,0.001369,0.035933,0.1387,0.16777,27.171,0.0020305,0.0011653,0.035122,0.0025569,1.4471,0.010364,6.963,0.76211,0.079305,473.5185381,0.002635707,0.017065606,0.010003636,0.007837727,0.023727327,1.535131778,0.969331902,10.66798304,4.223836258,93.66666667,134.3589279
B4A12,B4,A12,1,1,1,0,0,0,1,0,0,0,27.646,0.0045025,0.00085053,0.0010035,0.0051774,5.32E-05,7.44E-05,0.037982,0.040557,0.2435,1.2043,0.69312,5.6759,0.11666,0.05629,0.039833,0.19742,0.058605,3.0575,0.65955,0.061822,1.9654,0.26595,0.038133,0.035783,0.038896,0.00018397,0.00058977,0.037882,0.039119,0.21079,23.731,0.0034148,0.0012642,0.0054045,0.00035976,0.78825,0.33151,2.4664,0.20285,0.1164,411.7097049,0.002357879,0.042064781,0.007999545,0.002805,0.164679289,0.902032478,0.480949714,6.549259405,4.573539908,30,120.9264792
B4A13,B4,A13,1,1,0,0,1,0,0,0,1,0,17.308,0.02472,0.0028133,7.92E-05,0.0012839,8.58E-05,1.48E-05,0.061822,0.035062,0.00036993,3.2349,0.018642,4.6825,0.067487,0.0014015,0.17682,0.18069,0.0096643,0.073408,0.63115,0.01218,1.1601,0.17298,3.0087,0.00047274,2.986,0.021105,0.00051973,0.063046,0.034894,0.19573,14.136,0.00071619,0.0023727,0.00016003,7.39E-05,2.6041,0.0046907,0.11069,0.26308,0.18559,240.9596761,0.021191936,0.033567424,0.003187273,0.000603182,0.038219826,0.864609556,0.316761902,3.861760495,5.165735806,38,112.7956608
B4A14,B4,A14,2,1,0,2,0,0,0,1,0,0,32.069,0.038913,0.0041041,0.0021554,0.0044138,0.0012372,0.00063481,0.015505,0.072733,0.0049195,2.1371,0.069686,9.0457,0.14456,0.030795,0.10998,0.10662,0.0005728,4.0513,0.45671,0.029068,3.8595,0.18505,0.79062,0.00013733,0.75048,0.032662,0.0055107,0.020819,0.069391,0.22005,27.01,0.00090916,0.00074888,0.00097179,0.00055156,1.6853,0.0049043,2.9392,0.20748,0.21934,470.6877439,0.013995589,0.005025539,0.004655303,0.007234545,0.063110258,0.624455605,0.340429843,11.36494011,5.190817516,34,105.2622724
B4A15,B4,A15,2,2,0,1,0,1,0,1,0,1,21.58,0.043208,0.004591,0.0011716,0.002704,0.00015666,4.90E-05,0.026377,0.10744,0.10575,4.5581,0.14715,10.409,0.058652,0.0052572,0.20152,0.22234,0.030927,0.64435,2.8011,0.0085669,1.9962,0.24322,5.0762,0.00184,5.0364,0.036795,0.0046411,0.02697,0.10519,0.14042,15.648,0.0016646,0.0011215,0.0023173,0.0010222,1.8627,0.027573,3.6529,0.27548,0.10765,267.6570348,0.020853418,0.039308872,0.004014242,0.005347273,0.028518551,3.799296546,0.461932758,6.618636854,5.335339852,62,120.6030158
B4A16,B4,A16,8,4,2,2,2,2,1,1,1,1,40.541,0.0046743,0.00064906,0.0029495,0.010021,6.42E-05,0.0002915,0.033567,0.067137,0.039474,8.6432,0.045472,20.019,4.18E-05,0.00053777,0.047861,0.0051043,0.13379,7.7018,5.5332,0.0045749,3.8257,0.083109,3.0096,2.66E-05,2.9959,0.0037807,0.0035714,0.04335,0.063672,0.13383,29.783,0.00018038,2.71E-05,0.00059376,0.00022357,3.1495,0.00088587,7.5023,0.10423,1.23E-05,520.7190771,0.002068788,0.04320867,0.013557273,0.009407475,0.015212718,7.560552696,0.148099405,12.71726547,4.6539568,42.66666667,117.0473748
B4A17,B4,A17,2,1,0,0,2,0,0,0,1,0,68.744,0.029595,0.004842,0.00020686,0.0013045,0.00010097,3.86E-05,0.1342,0.19373,0.0017878,0.51316,0.024833,5.5152,0.49509,0.0028445,0.00024126,0.0087906,0.01613,0.030611,0.38191,0.0080071,1.0443,0.21232,4.1017,0.0060604,4.1298,0.021707,0.0044246,0.080701,0.193,0.26087,64.033,0.0029455,0.00062425,0.054938,0.00047926,0.13303,0.012194,3.9575,0.31078,0.23868,1149.209017,0.017868535,0.034389141,0.001988182,0.000618754,0.020889616,0.521712302,0.385717722,3.474970796,4.897555843,77.66666667,124.7594211
B4A18,B4,A18,16,4,4,4,4,4,1,1,1,1,112.21,0.13122,0.0009211,0.00090931,0.028781,0.001349,0.00036276,0.30898,0.38002,0.052488,1.0191,0.30783,18.711,0.19274,0.083949,0.2749,0.21471,0.08432,11.187,1.0091,0.049936,3.845,0.43268,2.6227,0.039288,2.6106,0.12893,0.001154,0.19243,0.37862,0.26048,97.751,1.03E-05,0.00067643,0.14704,0.00012067,0.062535,0.12146,13.572,0.41793,0.13687,1778.720736,0.015405471,0.005801162,0.012082273,0.006659747,0.12098844,1.374805869,0.790606746,12.7939817,6.494753694,178.6666667,101.7970332
B4A20,B4,A20,16,2,0,0,8,8,0,0,1,1,101.45,0.050592,0.0020814,0.0021233,0.017826,0.00018461,0.00033345,0.05209,0.155,0.46398,0.87054,0.69914,30.069,0.035356,0.0045996,0.0063081,0.055189,0.015875,8.2093,1.0354,0.18014,12.12,0.074324,8.6616,0.056404,8.6292,0.047852,0.0026812,0.038199,0.15079,0.21348,83.813,0.00047435,0.0015235,0.032236,0.0017503,0.29909,0.050414,17.072,0.043003,0.1412,1518.087196,0.007255152,0.027701465,0.007593485,0.007447946,0.364283337,1.397548627,0.136997818,33.37439643,6.472106632,109,130.8723834
B4A21,B4,A21,2,2,0,0,1,1,0,0,1,1,38.836,0.050853,0.00093312,0.0008256,0.0023825,2.53E-05,5.72E-07,0.017868,0.35059,0.090849,2.792,0.45454,29.745,0.004386,0.00015489,0.00020607,2.0523,0.14254,7.4314,2.8827,0.011739,8.3372,0.25281,13.028,0.013921,13.023,0.011563,0.0017019,0.017435,0.34333,0.16066,17.87,0.038332,5.68E-05,0.0028417,0.0064326,0.00010536,0.3518,18.616,1.9468,0.0042003,307.0501113,0.015104714,0.028614411,0.001947576,0.011197811,0.028604564,3.883233933,0.454192517,27.647833,4.97922837,106,106.5902713
B4A22,B4,A22,4,1,0,0,4,0,0,0,1,0,41.398,0.032433,0.0042935,0.0017224,0.0032804,0.00031679,0.00014061,0.045486,0.21824,0.00026992,0.5891,0.032145,3.2739,0.00026486,0.00022452,0.11251,0.049879,0.19149,0.12443,0.50648,0.015201,2.5001,0.14756,0.22319,0.0037051,0.27006,0.025872,0.0042699,0.0014315,0.18529,0.19687,40.935,0.0019511,0.001746,0.047792,0.031091,0.082892,0.016449,0.07221,0.20681,0.0016735,723.5194873,0.015527795,0.019609394,0.004558788,0.006623013,0.034509737,0.683236255,0.27091914,7.796937138,4.950257669,78.33333333,107.2427037
