sp,rbm,ra,laBM,lbpr,la,sra,srl,RNU,nute,k.rad,RootingDepth_Target,h1,erect,lar,fc,sla,lSize,srr,sd,ssd,leafN,leafC,Nacr,cond,lt,pp,lsd,ldmc,LCN,rtd,RCN,sdmc,BM_Target_Inflorescence,NrInflorescence_Target_Shoot,SeedsProjArea,SeedsTCW,SeedsWLRatio,NrSeedling_Target,DurationFlowreing_Target_Phenology,rootCa,rootK,rootNa,rootP,rootS
Ach.mil,-0.311751759,-0.419976769,0.544736289,2.09032693,-0.548941802,-0.531272235,-0.456046959,-1.278837926,-0.197449483,0.119802326,-0.380300238,2.124885755,1.111795184,-0.974016145,-0.931495182,-0.91871941,-0.391258129,0.35430626,-0.073990237,0.393793902,-1.160446693,-1.169960692,0.603523398,0.12952364,1.126372187,0.103866174,0.18622979,-0.792874878,1.124399276,-0.041827056,0.376226787,1.109310076,NA,NA,-0.53736101,-0.590043548,-0.66315421,-0.268799055,0.505299447,0.169619952,0.857881033,0.164117839,-0.395243873,-0.533168829
Aju.rep,-0.456502503,-0.239323374,-0.537207147,NA,0.106252173,0.237824796,-0.514274401,1.730493442,0.641210549,-0.59475969,-1.104097464,-0.803166553,0.351022038,1.101457007,NA,0.407188791,-0.167591025,-0.229126603,-0.222491769,-0.742871873,0.217743889,-1.137830675,1.087741136,NA,1.126372187,0.742116729,4.314084137,-1.308581822,-0.664444626,-0.9525614,-0.567073395,-1.537431943,1.302436571,NA,-0.325930503,-0.340945713,0.671303286,-0.271876708,0.505299447,NA,NA,NA,NA,NA
Alo.pra,5.327367631,6.120960608,1.571152301,NA,-0.257287888,0.082925553,-0.270584368,2.126593293,-0.672697998,0.642849175,0.343496989,1.175247169,0.752392376,-1.674901898,NA,-0.165747632,-0.467219281,-0.864223579,-0.896688723,0.115392699,-0.846200027,-0.491987411,-2.23477438,-1.711228719,0.092440502,2.405163948,2.166744505,2.108916066,0.783288719,-0.482504964,1.175620302,0.389594796,-0.711740431,-0.597808443,-0.517624447,-0.542861487,-0.868600323,-0.236483702,-1.418098447,NA,NA,NA,NA,NA
Ant.odo,-0.279413827,0.097515421,-0.124958093,-0.518940819,0.27568369,0.652260564,1.376345969,-0.210138952,-0.311235932,-0.149772503,-0.380300238,-0.249210711,0.367376687,-0.123432892,-0.639846964,0.610498118,-0.544028477,-0.306401452,-0.632355997,-0.129619939,-0.360361583,1.085232845,0.689281088,-0.187521111,-0.683008261,0.445465062,-0.48301463,0.548189411,0.238632777,-0.218098219,0.762498113,-0.472496114,-0.124272139,-0.597808443,0.142158531,-0.4710627,-1.430917504,-0.271876708,-1.418098447,-0.509361891,-0.272741841,-0.823545526,-0.961629229,-0.622551545
Ant.syl,1.368280806,0.598099994,-0.856910495,NA,-0.636374159,-0.882152049,-0.867506777,1.877630923,-0.594806643,0.297008689,1.067294215,-0.644893455,-0.974372049,0.58302852,NA,-0.757223461,1.000541992,-0.946980191,2.958411044,-0.623306962,-0.957654858,-1.734445044,-0.882403912,NA,-0.553766801,0.085887285,1.51095536,-0.116232357,0.901236238,-0.041827056,1.243521051,-0.850365875,-0.124272139,5.049667365,-0.532466763,0.348322647,-0.171923928,-0.216478959,0.505299447,NA,NA,NA,NA,NA
Arr.ela,-0.662849307,-0.609849326,0.655791136,-0.563868173,0.06667262,-0.391179271,-0.147918905,-1.005267017,0.287420202,0.189342504,1.067294215,3.391070537,1.593975347,-1.102645261,-0.801873752,0.493013399,-0.540768362,2.817872789,-0.855108295,2.433372625,-0.487359246,-0.733490394,1.501464843,NA,-0.876870452,0.117350341,-0.470309432,1.648291923,0.099269615,0.251958217,1.392721965,1.784904888,-0.376044264,-0.597808443,-0.177729295,-0.03118523,-0.907617371,-0.26264375,-1.418098447,-0.474529093,0.233032935,-1.065060579,-1.495842285,-0.850575045
Ave.pub,-0.091545841,0.517453304,-0.299953609,NA,-0.173756226,1.186576877,0.460928468,-0.023134612,-0.553723861,-0.279593301,0.343496989,0.423449954,0.887751874,-0.18743164,NA,-0.269493926,-0.376177911,-0.609272032,NA,NA,-0.585682516,-0.024537927,1.014073661,NA,0.350923424,3.897411724,2.870259897,0.942737137,0.356409053,-0.981939927,0.808138091,NA,-0.040348097,-0.597808443,NA,NA,NA,-0.147231774,-1.418098447,NA,NA,NA,NA,NA
Bel.per,-0.752163596,-0.62743535,-0.862799767,-1.036174646,-0.392653362,0.483715619,0.209577661,-0.40012303,0.567842081,-1.73222601,-1.82789469,-0.921871376,1.02798768,1.908799313,1.142447707,1.617383296,-0.425886308,0.384180109,0.1235168,0.102537825,0.691557766,-0.658117687,1.158218585,-0.45724575,-0.29528388,-0.669226047,-0.468907721,-1.255227654,-0.899397197,-0.697947499,0.008602499,0.269642247,-0.879588514,-0.217079737,-0.552839348,-0.594732448,0.019585782,0.335959696,1.466998394,-0.241260685,-0.395009505,1.031882488,0.050493607,0.110535828
Bro.ere,0.157918207,0.090243776,-0.453074687,0.076543672,-0.45347844,-0.447078454,-0.285875133,0.229629495,-0.469453877,0.534093736,0.343496989,-0.249210711,-0.60944188,-0.448176312,-0.866684467,-0.942290865,-0.570903342,-0.697624739,-0.409603699,-0.874090148,-0.357029412,0.466641856,0.188520018,-0.097612898,-0.42452534,1.668029505,-0.298035985,1.292236586,0.207193383,0.163822635,0.381593134,-0.593188844,-0.292120222,-0.597808443,0.998029928,0.85882668,-1.612067838,-0.239561355,1.466998394,0.022845711,0.402775392,-0.901717735,-0.739666737,-0.816249675
Bro.hor,0.382743829,0.977367988,0.103882198,1.655700758,-0.003059827,0.862208828,0.929496754,-0.11447904,-0.527918936,-0.159196953,-0.380300238,-0.090937613,1.034646359,-0.440177518,-0.720860358,-0.395551821,-0.622584673,-0.582291357,-0.433363944,0.214948782,-0.613355045,0.439234777,-0.141315171,-1.138655363,-0.683008261,1.47475645,-0.330859103,0.167159233,0.488294813,-0.482504964,0.25003641,-0.472496114,-0.124272139,-0.597808443,0.616814042,0.142597142,-0.902136605,0.452910498,-0.4563995,-0.344228606,0.051529535,0.012151525,-1.115950835,-0.525717441
Cam.pat,-0.62512172,-0.1400904,-0.941884279,NA,-0.235117242,3.765872051,2.668674048,-0.36066717,0.337984927,-0.094264965,-1.104097464,-0.921871376,0.901569291,2.958478301,NA,2.495264295,-0.487748935,-0.302982872,-0.816497896,-0.563890557,1.060437625,-1.071634257,1.353521619,NA,-0.553766801,0.351075896,1.269222757,-1.05038196,-1.177684609,-1.202278881,-0.758934961,-1.5327482,-1.131360639,0.52322608,-0.679527527,-0.621693626,0.872174512,-0.225711918,-0.4563995,NA,NA,NA,NA,NA
Car.car,-0.742924186,-0.608598765,-1.169883246,-1.035123713,-1.005628762,1.226318803,0.663723053,-0.894759783,1.930930883,0.055686642,1.067294215,0.38388168,1.103335883,0.935797173,-0.96390054,-0.365077628,0.097374048,-0.245549495,-0.090325405,-0.62098786,0.801049631,-0.025702505,1.179526725,-1.133923352,-0.166042419,-0.004007159,-0.421495848,-0.067323336,-0.937030372,-0.805668764,-1.053129502,-1.53502316,NA,NA,-0.450037553,-0.470183531,0.903230469,-0.268799055,-0.4563995,-0.061119518,-0.030159193,-0.948773118,0.342179392,-0.92489916
Car.pra,-0.588934034,-0.161692305,-0.84513195,-0.848670815,-0.352567526,2.393177283,3.480589354,0.88774092,0.314905285,-0.406593782,-1.82789469,-0.961439651,0.040283714,0.898285447,-0.218577314,0.061572706,-0.33706608,-0.263431471,0.433885002,-1.141320764,0.364600526,-0.424425695,0.784309742,-2.193893862,-0.42452534,-0.22874327,-0.480703278,-0.133330481,-0.639094569,-0.600019073,-0.96573199,0.696714679,3.064841447,-0.534353659,0.036583491,0.109481782,-1.148881691,-0.271876708,-0.4563995,-0.02034933,1.100722813,-1.049968345,0.235377451,1.378588315
Cen.jac,-0.411845358,-0.494386977,-0.846814599,-0.442310342,-0.912295109,-0.801349378,-0.832520649,-0.739248207,-0.047214766,0.995494853,1.067294215,0.146472033,1.225995751,0.365181175,0.915610203,-0.500144581,-0.12297606,-0.433865323,-0.068050176,0.193923389,1.255051857,-0.509474055,0.447568853,-0.149665021,1.772579491,-0.642257714,0.867455611,-0.609549206,-1.165090668,-0.012448528,-0.416647553,0.331289471,-0.376044264,-0.40744409,-0.195234409,-0.169507792,-0.33701404,-0.22878957,-0.4563995,-0.048475155,-0.542890062,-0.010849339,-0.086586678,0.887498334
Cir.ole,0.881671924,0.330227205,0.007971194,0.517278388,0.161160938,-0.914638537,-0.830804527,-0.287252554,-0.552166548,0.42001604,1.067294215,-0.803166553,-1.202669596,-0.142051391,-0.315793387,-1.424026503,4.616520026,-0.754508935,3.213833678,-0.913711711,-1.249981272,-2.090459662,-0.503278368,0.039615427,1.255613648,-1.10071938,-0.152879925,-1.25155604,1.070067084,0.163822635,0.895956454,-1.17867697,0.463196153,-0.090170168,0.130329416,-0.13111742,-0.733581737,-0.265721402,0.505299447,0.940932987,0.704679062,-0.858306551,-0.560605907,0.255842725
Cre.bie,2.084335016,1.729951272,-0.079526564,0.433729274,1.296860601,-0.301994682,-0.657718897,1.223321234,-0.620415419,0.263634907,0.343496989,-0.170074162,0.262239659,1.425340437,-0.250982672,0.349358719,0.812546813,-0.844410848,1.630807349,0.369913165,-1.120058083,-0.485791449,-1.051788003,-0.265599296,-0.29528388,-0.300658825,-0.443662593,-0.959561602,1.205290712,-0.570640546,1.421631497,0.240688184,-1.383132765,0.734742028,-0.23266677,-0.420363964,-1.553747061,5.431013703,0.505299447,-0.441119545,-0.631930203,-0.58481797,-0.867425756,-0.864169026
Cyn.cri,-0.565835511,-0.369216579,-0.680232329,-0.488069684,-0.461546482,0.912481827,0.531625679,0.365156266,0.056550554,-1.226320382,-1.104097464,-0.526188632,0.469593241,0.540949582,-0.769468394,0.23164356,-0.632455709,-0.417129028,-0.621960889,-0.414024637,0.318969112,-0.045017532,0.950778462,-0.509297873,-0.553766801,1.047757839,-0.405405529,0.193231137,-0.616002403,-0.717533182,-0.093433407,-0.593188844,0.29534807,-0.597808443,-0.526584052,-0.523519773,-0.566303229,-0.271876708,-1.418098447,0.015473178,1.024135063,-0.08102811,0.146902021,-0.639688887
Dac.glo,1.682420718,1.663195016,2.049024673,2.063550052,2.071368343,-0.221555638,0.204652578,0.809445696,-0.568785407,0.28199337,1.067294215,1.491793364,0.588645463,-0.649536627,-0.769468394,-0.727440459,-0.137812446,-0.555248482,0.389334542,-0.55440855,-1.190801438,0.723728015,0.154711749,-0.243516577,-0.42452534,2.647878948,-0.244750849,1.969665865,1.742875051,0.42822938,2.554850807,0.765721869,0.043575945,-0.597808443,-0.421153232,-0.410693107,-0.889403934,-0.196474217,-0.4563995,-0.357352869,-0.82164987,-0.944958147,-1.685278306,-0.930549579
Dau.car,0.48437733,-0.290574426,-0.671819083,-0.425276481,-0.518419408,-1.554953321,-1.047993342,1.799438449,-0.503812513,0.722715592,0.343496989,-0.565756906,-0.693404004,-0.02832551,-0.899089825,-1.436818808,0.79096864,-0.899290004,1.112537003,-0.430559951,-1.078001984,-1.291895009,-1.817909392,-2.245945986,0.350923424,-0.030975492,-0.338023488,0.40473477,0.892893961,2.778511559,-0.811258829,-0.671069813,1.973828904,-0.217079737,-0.20599197,-0.337429038,0.141909822,-0.264182576,0.505299447,-0.475733015,-0.081229224,-0.793872642,0.474125191,-0.714114838
Fes.pra,0.607569452,0.553838151,0.354596929,1.163864461,0.441814138,-0.30504669,-0.016057875,-0.25596529,-0.287990393,0.959196779,1.067294215,-0.090937613,-0.620035233,-0.567233105,-0.801873752,-0.564700014,-0.363926625,-0.632009377,-0.22843183,-0.169195477,-0.670089061,-0.026892342,0.736436323,0.569600682,-0.29528388,1.470261728,-0.320098412,0.529892592,0.501051989,0.457607907,1.246154181,0.086266507,-0.292120222,-0.597808443,0.044932052,-0.000707377,-0.633495886,-0.267260229,-1.418098447,-0.393509396,0.729312103,-0.709128486,-0.702640492,-0.779012327
Fes.rub,0.336546784,0.541304405,0.156044324,1.440172067,-0.358570922,-0.109021902,0.271463089,0.451620086,-0.551766061,0.182088159,1.067294215,0.38388168,0.082275379,-1.102212077,-0.931495182,-2.231683192,-0.671935079,-0.52878668,-1.036280163,2.547441411,-1.31371681,0.20715884,-0.36536566,0.437104369,-0.036800958,1.038768395,0.067930328,1.517860212,1.906613776,0.105065581,1.641317487,0.240688184,0.29534807,-0.597808443,-0.292002347,-0.394281956,-0.907287248,-0.271876708,-1.418098447,-0.254755813,-0.164250105,-0.945428575,-0.904995499,-0.794433515
Gal.mol,-0.752163596,-0.627094088,-0.496823566,-0.736702741,-0.49661689,0.388526178,0.8172914,-0.751629539,5.236132145,0.155501256,1.067294215,-0.605325181,-1.366897527,-0.136166657,0.26750305,0.257831602,-0.725167709,2.045819205,-1.054100347,2.054454583,0.096819486,-0.433461432,1.714673216,0.24782392,-0.42452534,-0.795078269,-0.563741237,-1.337526448,-0.563615318,-0.041827056,-0.730868014,1.160405482,-1.131360639,NA,-0.533015682,-0.469890475,1.41743994,-0.271876708,1.466998394,0.935276195,2.070512178,-0.589408517,0.819625406,-0.22294866
Ger.pra,-0.506549302,-0.569506494,-0.981426535,-0.609715093,-0.899358951,-1.466833409,-1.121953596,-0.27420335,-0.404042151,-0.852495388,0.343496989,-0.249210711,0.706151558,0.656737002,-0.542630891,-0.675287399,0.521583557,-0.806412319,0.315083777,-0.82761211,-0.585553243,0.599323883,-0.431284248,-0.055024797,-0.42452534,-0.849014936,-0.345555916,0.936964997,0.417758417,1.177381825,-0.158520537,-0.338393089,0.127499986,NA,0.363140818,1.677039802,0.085735415,-0.270337881,-0.4563995,-0.353733721,-0.014926672,-1.082065669,0.308862154,-0.867587767
Gle.hed,-0.661309406,-0.467429456,-0.291540363,-0.525071257,0.024432151,0.821130842,0.727153426,-0.185222165,0.230788327,-0.601734068,-1.82789469,-1.040576199,-2.595091972,0.289542133,1.563717356,1.317077277,-0.510553828,0.964931077,-1.01845998,0.15106109,-1.080443767,-0.95169138,0.483388972,0.295144032,0.092440502,-0.165817159,-0.301386655,-0.129033624,1.120739885,-0.688154655,-0.675444721,0.29859631,-0.879588514,NA,-0.478032927,-0.465201574,0.337496156,-0.270337881,-0.4563995,0.308229627,1.470889723,0.591303455,-0.081614873,-0.090251555
Her.sph,0.781578325,-0.145301806,-0.517015356,NA,-0.452586231,-0.689023021,-0.76932737,0.868321238,-0.156843772,1.161079626,1.067294215,0.106903759,0.501535916,-0.114895838,NA,-1.533052397,3.218887019,-0.859150267,NA,NA,-0.549057464,-1.307247164,1.344245132,NA,-0.166042419,0.274665618,3.533225686,-0.069049765,0.112911837,0.310715271,1.095606915,NA,2.057752946,-0.343989306,4.962541609,0.597420482,0.550631435,-0.188780085,0.505299447,NA,NA,NA,NA,NA
Hol.lan,0.943267985,1.419952106,2.049024673,3.448547403,3.48707385,-0.138701796,0.447359881,0.667959446,-0.477721453,0.475792273,1.067294215,0.621291327,0.490036555,0.263288708,-0.672252321,1.213266053,-0.41160481,-0.441919658,-0.706606763,-0.416199481,-0.939290095,0.738904306,0.244455846,-0.2253772,-0.812249722,0.346581174,-0.488653125,0.790599957,0.988079925,0.457607907,1.401703378,-0.446816818,0.043575945,-0.597808443,-0.496439822,-0.516779479,-0.755637226,-0.271876708,-0.4563995,-0.528087953,-0.850792378,-0.894975612,-1.669101407,-1.019263123
Kna.arv,0.254932003,-0.050745542,-0.330241295,-0.068966657,0.023703162,-0.604187037,-0.624609768,0.14034006,-0.287506465,1.072206575,1.067294215,-0.32834726,0.428706621,0.570714818,-0.380604102,-0.605295464,1.297770906,-0.687923212,0.404184696,-0.658218376,-0.787397441,0.036522455,0.511990817,-0.033730747,0.221681963,-0.47145827,-0.228070869,-0.582725619,0.716422364,0.281336744,0.731257806,-0.686787287,-0.711740431,-0.343989306,0.713499939,0.844466922,-0.429436588,0.229780679,-1.418098447,0.076972398,0.287103753,-0.256812679,-0.526367653,-0.494982995
Lat.pra,-0.547356693,-0.594175819,-0.897294075,-0.971717467,-0.479996519,-1.183982909,-1.071233114,-0.744231565,-0.020869729,-0.265529369,0.343496989,-0.288778985,-1.088852652,0.867060203,-0.607441606,1.09027253,-0.61527527,-0.519084437,-0.944209214,-0.131979615,1.815859895,1.991373122,-1.741381355,-0.902054803,-0.683008261,-0.61528938,-0.459695468,0.821234254,-1.206008938,-0.041827056,-1.461673901,0.389594796,NA,NA,0.371446945,2.543021097,1.685160138,-0.271876708,-0.4563995,-0.257038084,-0.088570541,0.048653281,1.929912835,1.147987668
Leo.aut,-0.65591975,-0.487704538,0.063498618,-0.857866472,-0.685718555,0.758458132,0.135903453,-1.447244581,-0.160944841,0.200727162,-0.380300238,0.779564424,0.820393588,-1.448930098,-0.801873752,0.596577637,-0.367668836,2.272915692,-0.08884039,0.723977276,-0.569794248,-0.413695142,0.331141864,-0.149665021,-0.683008261,-0.804067713,-0.419203077,-1.117704862,0.27047265,-0.7909795,0.1814704,0.240688184,0.547120195,-0.312261913,-0.16375275,-0.396040293,-1.756658818,-0.201090696,-0.4563995,-0.005304267,-1.155601225,2.326191066,-0.24005325,-0.071318983
Leo.his,-0.468821715,-0.459151899,-0.331923944,-0.262338192,-0.605343547,-0.112688127,-0.305320948,-1.149270634,-0.258808846,0.313388245,-1.104097464,-0.486620357,0.580698195,-0.392474987,-0.121361241,0.739933529,-0.107088768,-0.27321163,0.119061754,-0.236848656,-0.245746331,-0.81311558,0.173233879,-0.736434411,-0.166042419,-0.813057158,-0.340214901,-1.657622758,-0.247157561,-0.188719692,0.081889417,-0.545674284,-1.215284681,-0.597808443,0.068583711,-0.217275965,-1.70399603,-0.127227032,1.466998394,-0.024612428,-0.157834271,1.345782924,0.26927166,0.037175678
Leu.vul,0.116340865,0.175267811,0.612042257,0.854802799,0.699517918,-0.018161769,-0.317561592,0.632408072,-0.352887281,0.539596908,-0.380300238,-0.644893455,0.398041654,-0.178176864,-0.024145168,-1.407226725,-0.196866824,-0.604652358,0.267563286,0.101064262,-1.254221699,-0.043101182,0.043023097,-1.318471789,2.031062412,0.022961174,0.031824642,-0.56988991,1.812850576,-0.541262019,0.405137911,0.191857545,0.966740404,-0.597808443,-0.510365313,-0.544326769,-0.900230229,0.268251337,1.466998394,-0.161702825,0.004842463,0.804599085,-0.069098179,0.884645483
Lot.cor,-0.507319253,-0.513448355,0.406759054,-0.920900514,-0.416171183,-0.804333886,-0.909407659,0.298163503,-0.235998903,0.575309156,1.067294215,-0.32834726,-1.224349015,-1.255598716,0.461935196,-0.189148685,-0.651774554,0.387650829,-0.721456916,0.486893274,1.61674624,1.053056634,-1.132149136,0.749417108,-0.036800958,-0.911941047,-0.538716167,-1.854915378,-1.225957887,-0.42374791,-1.235605848,0.935585698,-1.550980848,0.0367394,-0.427450761,-0.230170441,1.478238542,-0.271876708,-0.4563995,-0.085284381,-1.090970829,1.903893542,1.897709036,1.288305697
Luz.cam,-0.852257195,-0.752698449,-1.333100218,NA,-1.436183925,1.386961293,2.206006147,NA,NA,-5.785962557,-1.82789469,-1.436258944,-0.736562106,0.994723351,NA,0.848791956,-0.705587928,1.68596015,-0.621960889,-0.841087426,1.193573793,NA,NA,-0.603938097,5.391340389,0.076897841,NA,NA,NA,0.604500544,NA,-0.975382482,1.386360612,-0.597808443,-0.521565631,-0.435895947,0.292601981,-0.271876708,-1.418098447,NA,NA,NA,NA,NA
Med.lup,-0.741384285,-0.563835601,1.433175066,-0.831593166,-0.690295264,0.426324611,0.013779957,-1.361756883,-0.139802485,0.33468209,-0.380300238,-0.882303102,-2.537431954,-1.631367066,0.073070904,0.299543059,-0.656740126,3.618631555,-0.745217161,0.387732889,1.133806241,0.184774132,-1.888845135,-0.452513738,-0.29528388,-0.974867158,-0.472253339,-0.666141539,-1.221563385,-0.42374791,-1.38985113,0.485946129,-0.711740431,0.576105067,0.103073819,-0.038804693,1.562382237,-0.131843511,1.466998394,0.050623064,-0.350029227,1.269744789,0.877039619,2.106228863
Med.var,0.415081761,-0.333586337,1.539181966,0.889308408,0.377632,-1.27497069,-1.106388035,0.807801702,-0.346033693,-0.14164448,1.067294215,1.491793364,0.362748016,-0.874899522,0.073070904,-0.296663138,-0.665788752,-0.18448201,-0.216551708,1.082957121,1.792803791,0.783136643,-0.685611681,2.273124717,-0.29528388,-0.642257714,-0.335546393,0.680636537,-1.308379329,1.103935506,-0.923875615,1.788171509,-1.299208723,2.099019892,-0.272427282,-0.053164451,0.59242778,-0.270337881,0.505299447,-0.353075483,-1.095876705,0.160090244,-0.160375151,-0.436387381
Ono.vic,-0.273254221,-0.297177084,-0.23601294,0.333190088,0.081700764,-0.633663106,-0.916588187,1.176775649,-0.030974813,-1.269819331,1.067294215,-0.090937613,0.761640541,-0.007321145,-0.899089825,-1.274047655,-0.031175349,-0.390947837,0.294293562,-0.502016186,1.031944636,2.035871131,-0.725626665,-0.646526198,-0.29528388,-0.534384381,-0.374828116,0.468423511,-0.874648102,-0.658776128,-1.4083107,-0.429391574,-0.963512556,0.369877018,3.520424597,4.931136689,0.967910974,-0.270337881,-0.4563995,6.695260538,-0.682497079,2.078570796,1.303435991,1.473411439
Pas.sat,0.039345789,-0.430005631,-0.885515531,-0.426327414,-0.659805515,-1.267111749,-0.988876709,-0.228736636,-0.48099574,1.668619557,1.067294215,-0.249210711,-0.456897611,0.759730729,-0.607441606,-0.537952934,2.924587277,-0.856264044,0.176977352,-1.23017653,-0.162487789,-0.516337902,-0.244447141,1.913491865,0.092440502,-0.947898824,-0.386021464,-0.098669231,-0.254358304,3.424839158,0.521645263,-1.555497821,2.057752946,1.432744657,2.215072228,0.404296396,0.634327719,-0.24571666,-0.4563995,-0.470667932,0.167581479,-0.981710821,0.706595278,-1.041796789
Phl.pra,0.533654179,0.757912161,3.630714921,0.714153032,1.809743411,0.060912669,0.564804988,0.962748155,-0.580583665,-0.07292359,0.343496989,3.351502262,1.156391141,-1.563452322,-0.672252321,-0.076312996,-0.527482877,-0.042589014,-0.659086272,1.724353079,-0.643499844,1.79202931,-0.268235715,-1.294811733,-0.941491183,0.733127284,-0.451932356,1.408489073,0.938715512,0.046308526,0.761925709,2.597297168,-1.047436598,-0.597808443,-0.53151241,-0.522933661,-0.296903998,-0.271876708,-0.4563995,-0.380276066,-0.076843165,-0.547547882,-1.446592922,-0.813077421
Pim.maj,-0.642830587,-0.525360031,-0.994887729,-0.722252422,-0.845861741,-0.114806247,-0.221865209,-1.03429379,-0.128081504,0.181639522,1.067294215,-0.486620357,0.894814111,1.195034487,-0.380604102,0.124286454,0.98196671,-0.609859863,1.241733335,-0.53116466,0.104361304,0.021229879,0.445964649,1.516002924,-0.29528388,-0.956888269,-0.442252117,0.383494794,-0.413564382,0.046308526,0.08353095,-0.349319145,0.882816362,0.227103753,-0.203934136,-0.128186857,-0.084115085,-0.250333139,0.505299447,-0.303855321,0.744715878,-0.59746079,0.012665057,-0.503301932
Pla.lan,-0.518098564,-0.383815768,1.155537948,-0.210842512,0.10066646,0.008822178,-0.082449568,-1.308789445,-0.168175716,0.660144959,-0.380300238,NA,NA,-1.089829952,-0.088955884,-0.276196596,0.130793009,0.395161365,1.173422631,-0.528832866,-1.335321494,-0.879746457,0.546353838,1.203690184,0.997130727,-0.219753825,-0.150049166,-0.931702508,1.827585695,-0.394369382,-0.066226278,-0.22865962,-0.543892347,0.544377675,-0.502526052,-0.269146926,0.204813897,-0.162620038,1.466998394,-0.039935379,-0.776519024,1.181699891,-0.935060452,-0.36247575
Pla.med,-0.738304482,-0.632783232,-0.310049505,-0.796562091,-0.618402785,9.56E-05,-0.137060807,-1.208762674,0.487658149,0.28605606,-0.380300238,-0.882303102,0.518342676,-0.927727957,1.304474495,0.018680422,0.353896872,1.945530616,0.977400609,-0.494303287,-0.096900751,-1.860748852,0.900632662,-0.949374915,1.384855109,-0.327627159,-0.301026552,-1.628016743,-0.566638354,-0.511883491,-1.023194655,-0.497640438,-1.131360639,-0.502626266,-0.295655476,-0.530553124,-0.227012919,0.30056669,1.466998394,0.104737385,-0.259148202,1.618719995,0.969013996,0.619817766
Poa.pra,0.157148256,1.029011771,-0.310890829,0.133950847,-0.097197617,1.330908613,1.485136186,1.20898766,-0.248918427,0.638944125,-1.104097464,0.542154778,0.40970298,-0.23241186,-0.834279109,-0.743409097,-0.547850241,-0.635660364,-0.766007375,-0.306768361,-0.64972866,-1.703528651,1.060715627,NA,-0.941491183,1.946702282,0.799179619,1.666320359,-0.074006232,-0.409058646,1.160514564,-0.338393089,0.714968279,-0.597808443,-0.622367052,-0.602938024,-0.792383458,-0.271876708,-0.4563995,-0.170894555,-1.598527633,-1.187798603,-1.592208669,-1.059054612
Poa.tri,-0.50423945,-0.387439187,0.068546565,1.449481575,-0.712704622,1.197369103,2.114346732,-1.070924036,0.115876194,-1.271476998,-1.104097464,-0.724030004,-1.943212449,-1.2261159,-0.818076431,3.005401957,-0.697193411,0.03420007,-1.116470991,3.50441047,-0.21357877,-0.374775942,0.736398954,-0.017168707,-0.902718745,0.052626341,-0.436448081,1.213736194,-0.012212083,-0.247476746,0.119009341,2.846553883,NA,-0.597808443,-0.613626685,-0.610850543,-0.703713207,-0.267260229,-1.418098447,-0.288642234,-1.259832222,-1.122846205,-1.583535696,-0.846680418
Pru.vul,-0.382587229,-0.174702488,-0.528793901,0.513797175,0.357172268,0.582554118,0.272513227,0.399680144,0.193004252,-0.191924187,-1.82789469,-0.882303102,1.011340984,1.477508073,1.822960217,1.094135331,-0.320773461,-0.374523992,-0.520979848,-1.052105244,0.082890157,-0.062575281,0.855260826,-0.651258209,0.221681963,-0.920930491,-0.310482565,-0.50104521,-0.629675937,-0.761600973,-0.161511087,-1.569672588,NA,NA,-0.439849062,-0.382559705,0.026588309,-0.222634265,0.505299447,0.028996471,3.218296592,1.077492413,1.236344714,-0.288489129
Ran.acr,-0.431864078,-0.384219342,-0.600306492,-0.668435933,-0.909730671,-0.574004027,-0.654117768,-1.244519547,-0.42565238,0.185120277,-0.380300238,1.887476108,1.154251298,-0.904024013,-0.477820175,0.10781536,0.209564001,-0.289842245,-0.103690543,-0.761563156,-0.200062878,-0.036275432,-0.016985493,1.572787058,0.092440502,-0.372574381,-0.399012227,-0.112319567,-0.300777629,-0.511883491,0.422394771,-0.517381844,0.79889232,-0.026715384,-0.039000864,-0.312812311,0.768148161,0.106674572,1.466998394,-0.135634268,0.235579073,-0.066734872,0.396405196,0.214768634
Ran.rep,-0.399526146,0.014923711,-0.291540363,-0.769062697,-0.204751649,1.340402351,0.258514234,-1.285413903,-0.122154012,0.546141996,-0.380300238,0.067335485,0.195652876,-0.380738049,0.364719123,-0.771650027,-0.02558749,-0.213303752,0.231922919,-1.280949818,-1.4224004,-0.677060145,0.761604988,0.493888503,0.609406345,-0.597310492,-0.466098151,-0.850644261,2.172664413,-1.070075509,0.198664502,-1.312612158,-0.040348097,NA,0.050899458,-0.209070389,0.836893205,-0.244177834,0.505299447,0.716731803,1.596868169,1.493345374,0.182805599,0.126885974
Rum.ace,2.210606941,0.466742783,0.697857366,1.921061153,1.854029622,-1.456262124,-0.966545198,2.995855222,-0.631528389,0.219593202,1.067294215,0.067335485,0.351022038,-0.097961823,1.336879852,-1.275029354,0.551611935,-0.810297048,2.165412864,0.849345984,-1.30732871,-0.082087848,-0.640873761,0.082203528,1.384855109,-0.426511047,-0.084589111,-1.01306507,1.906496869,4.04178823,1.25968142,1.793571412,0.714968279,NA,-0.414551086,-0.442343185,0.386722816,-0.24571666,-0.4563995,-0.275674999,-0.387649411,-1.180742898,-0.389198026,-0.741664144
San.off,-0.655149799,-0.590312379,-0.95113885,NA,-0.710005372,-1.079310478,-0.915280165,-0.23454199,0.189154569,-0.515502769,0.343496989,-0.486620357,-0.153927742,0.77720621,NA,-0.531600089,0.603078471,0.041007778,0.585356565,-0.522225913,0.530451417,-0.280481635,1.036911613,-0.007704685,0.092440502,-1.051277435,0.312968393,NA,-0.748221385,0.692636125,0.041347063,-0.525742907,-0.627816389,0.417468106,-0.028212478,-0.202623151,0.238420504,-0.270337881,0.505299447,-0.11160214,-0.90407066,-1.180787807,-1.364592046,-0.583225263
Tar.off,0.803136946,-0.051888768,-0.612085036,-0.005341466,-0.009811358,-1.369490857,-1.066074582,0.868475363,-0.591394715,0.233651637,1.067294215,0.304745131,1.094574465,0.837769969,-0.575036248,-0.326799288,1.186343987,-0.884087579,1.693177992,-0.187512775,-0.574650929,-0.739091873,-0.860928257,0.664240906,-0.42452534,-0.822046602,-0.410345199,-1.109266204,-0.032032311,2.014669851,0.316536404,-0.073982393,0.379272112,NA,-0.269699968,-0.465201574,-1.063445045,-0.064135152,0.505299447,-0.532285273,-0.506402119,-0.295308538,-0.602152862,-0.790907566
Tra.pra,-0.385667032,-0.39339582,-0.973013289,-0.838336648,-0.911223716,0.204092795,-0.360348497,0.149793027,-0.19769109,0.920504465,0.343496989,-0.486620357,-1.2481435,-0.078295874,-0.834279109,-1.492367026,-0.357377756,-0.765443824,1.920385336,-0.988198479,1.316139883,0.411854712,-0.735671792,0.276215987,0.092440502,-0.004007159,-0.194961883,-1.173282078,-1.151419223,-0.776290236,-1.153618624,-0.23111066,-0.376044264,0.020875704,-0.520498871,2.080285237,1.615146346,-0.261104923,-0.4563995,-0.088779997,0.417661241,1.160226254,1.816405232,0.094255797
Tri.cam,-0.731374925,-0.630424073,-0.663405837,-0.975964985,-0.115889397,0.069529759,-0.258315067,-0.681965285,4.18783238,0.186303246,-1.82789469,-0.763598278,-0.07419883,1.917904831,0.721178057,1.599633485,-0.590721785,0.304213557,-0.798677712,0.118994869,1.245730669,1.089381508,0.213060103,0.79673722,-1.070732643,-0.588321047,-0.532994209,-0.244128164,-1.08046361,-0.644086864,-1.394922817,-0.702387031,0.043575945,0.258831146,2.172760483,-0.466373799,-1.631267324,-0.01027623,0.505299447,-0.323705196,0.487345622,0.437935081,0.825829331,3.598714336
Tri.dub,-0.689027633,-0.59928209,-0.426152299,-0.800940975,-0.42134239,0.15185678,-0.162820196,-0.747930552,0.147354628,0.201096116,-1.82789469,-0.644893455,0.195652876,1.111594969,0.948015561,1.174878136,-0.603004892,0.395219339,-0.679876487,-0.241974522,0.987296725,1.445701319,-0.426100893,0.659508895,-0.683008261,-0.759120491,-0.518851661,0.613439096,-0.896918245,-0.511883491,-1.276320928,-0.118741575,-0.459968306,1.686563794,-0.393655443,-0.374647185,1.277926551,4.992448196,1.466998394,-0.206755324,0.346181484,-0.021662846,0.637439089,2.268851012
Tri.fla,-0.134663083,0.176415991,-0.19394671,-0.7659099,-0.871534216,0.764072796,1.522080331,-1.083716365,-0.58982238,-0.562415805,-0.380300238,NA,NA,-1.561796135,-0.704657679,0.878768206,-0.645989402,-0.411418191,-0.938269152,0.658390699,0.70538497,0.868947143,-0.392299948,2.083844268,-0.812249722,0.040940063,-0.492277874,1.213736194,-0.78869452,-0.120169799,1.19283252,1.600270288,-0.20819618,-0.597808443,-0.533860421,-0.476337713,0.980180744,-0.227250744,-1.418098447,-0.538385805,-0.40482171,-0.971107977,-1.088553422,-0.745538717
Tri.fra,-0.456502503,-0.489176491,0.800498967,-0.292990383,1.909775379,-0.85561091,-0.831914496,0.167054966,-0.147744835,-0.225061646,-0.380300238,-0.32834726,-1.389112592,0.020402944,0.850799488,0.37051403,-0.565107052,0.809473329,-0.730367008,-0.190230737,1.283249801,0.8615077,-1.037411022,1.497074879,-0.683008261,-0.363584936,-0.490946818,0.399047291,-1.044710607,-0.306233801,-1.322419996,-0.593188844,NA,-0.40744409,-0.542979937,-0.272077489,1.023779409,-0.271876708,0.505299447,-0.393993569,-1.095510999,0.57697088,1.094852539,0.182396072
Tri.hyb,-0.125423674,-0.145220348,1.76129166,0.037878123,2.133716154,0.286713627,-0.318305217,-0.371353132,-0.250261617,0.583040419,0.343496989,0.779564424,-1.346940963,-0.53504195,2.568283443,0.45529306,-0.190445241,1.585534367,-0.050229992,-0.212379115,1.931171664,1.558238056,-1.503628468,1.000213702,-0.42452534,-0.453479381,-0.484820313,0.767507745,-1.321957079,-0.717533182,-1.353670794,0.531342431,0.631044237,0.220758275,-0.483772803,-0.230463497,1.505585098,-0.258027271,1.466998394,0.06990434,-0.976231524,0.22462907,1.699785453,0.741259605
Tri.pra,-0.316371464,-0.421228745,1.2564969,-0.270351551,0.127348676,-0.369636564,-0.564706767,-0.112937795,-0.391938279,0.191391664,1.067294215,1.254383717,-0.321534887,-1.282633217,2.568283443,0.167408738,-0.35665859,0.469101612,-0.222491769,-0.431789584,1.674254672,1.396913578,-1.149829861,-1.20490352,-0.29528388,-0.624278825,-0.323840496,0.3999157,-1.229159124,0.457607907,-1.09658551,-0.065884252,-1.383132765,-0.534353659,-0.368532467,-0.44585986,1.021734352,-0.231867223,0.505299447,-0.230233066,-0.948835787,0.982169792,0.364337008,0.609678164
Tri.rep,-0.416465063,-0.383858323,1.860567963,-0.082803931,3.044919658,-0.254389729,-0.522975113,0.415195339,0.139409781,0.654859148,0.343496989,-0.170074162,-0.981881838,0.362476892,1.887770932,0.263050681,-0.30313161,1.299022809,-0.46306425,-0.477252427,1.654996596,0.81552571,0.538038991,0.337732133,0.092440502,-0.219753825,-0.442088392,-0.61764422,-1.225223432,-0.394369382,-1.296734645,-0.656887788,0.966740404,NA,-0.502810743,-0.588578267,-1.13881961,-0.270337881,1.466998394,-0.212919821,-0.634101003,1.161773156,1.143584909,1.697392615
Ver.cha,-0.479601025,-0.279826429,-0.730711805,-0.750058338,-0.709387915,0.628883059,0.965642541,-1.045750374,-0.366252781,-0.537724981,-1.104097464,-0.803166553,-0.948429145,-0.208753426,1.952581647,-0.199553266,-0.629139907,-0.389556924,-0.953119306,2.280008005,-0.900631122,0.636459058,-0.241745939,0.020687382,-0.42452534,-0.480447714,-0.35475978,0.646788936,0.507367616,-0.511883491,0.010879978,0.935585698,0.379272112,NA,-0.541366498,-0.571581003,0.933200462,-0.261104923,-1.418098447,-0.126555243,2.996736652,-1.137162682,1.329267044,-0.058495021
Vic.cra,-0.105404954,-0.534444588,-0.520380655,-0.217848727,-0.181626792,-1.48356611,-1.206261693,-0.117561529,-0.410987104,-0.912369706,-0.380300238,-0.486620357,-1.319196469,0.749741476,-0.899089825,1.021428046,-0.431940352,-0.646969471,-0.923418999,-0.265589643,0.601941318,1.853937628,-2.670879879,0.723391047,-0.42452534,-0.300658825,-0.530270255,0.075762923,0.206525217,0.486986435,-1.349331654,0.485946129,NA,0.499959326,0.388320779,2.986122186,1.778056098,-0.271876708,-0.4563995,0.085826598,-0.892929855,0.179646581,0.194105396,0.308337089
